[
  {
    "url": "https://www.foodpantries.org/li/community_food_pantry_58520",
    "name": "Community Food Pantry",
    "address": "5805 County Road 137",
    "city": "Almont",
    "state": "ND",
    "zip": "58520",
    "phone": null,
    "fax": null,
    "email": null,
    "website": "http://www.freefood.org/",
    "hours": null,
    "description": null,
    "requirements": null,
    "scraped_at": "2025-11-02T14:43:48.135483",
    "latitude": 46.7300139,
    "longitude": -101.5052633,
    "geocoded_address": "County Road 137, Almont, Morton County, North Dakota, United States of America"
  },
  {
    "url": "https://www.foodpantries.org/li/flasher-area-food-pantry",
    "name": "Flasher Area Food Pantry",
    "address": "112 Church Street",
    "city": "Flasher",
    "state": "ND",
    "zip": "58535",
    "phone": null,
    "fax": null,
    "email": null,
    "website": "http://www.freefood.org/",
    "hours": "Wednesday \r\n5:00 pm - 6:30 pm \r\n \r\nFor more information, please call.",
    "description": null,
    "requirements": null,
    "scraped_at": "2025-11-02T14:43:50.855147",
    "latitude": 46.4534491,
    "longitude": -101.2337286,
    "geocoded_address": "112, Church Street, Flasher, Morton County, North Dakota, 58535, United States of America"
  },
  {
    "url": "https://www.foodpantries.org/li/nd_belfield_belfield-lutheran-church-food-pantry",
    "name": "Belfield Lutheran Church Food Pantry",
    "address": "506 2nd Avenue NE",
    "city": "Belfield",
    "state": "ND",
    "zip": "58622",
    "phone": "(701) 575-4703",
    "fax": null,
    "email": null,
    "website": "http://www.freefood.org/",
    "hours": "3rd Thursday of every month 5:00 pm - 6:00 pm.Items available:Personal hygiene are also available. Service Area:Residents of Belfield, South Heart, Grassy Butte, Fairfield, Fryburg, Daglum and Amidon.Requirements:Complete a distribution request form every month.\nCounty or Counties Served: Stark",
    "description": null,
    "requirements": "Complete a distribution request form every month.\nCounty or Counties Served: Stark",
    "scraped_at": "2025-11-02T14:43:53.238507",
    "latitude": 46.8858259,
    "longitude": -103.1932342,
    "geocoded_address": "506, 2nd Avenue Northeast, Belfield, Stark County, North Dakota, 58622, United States of America"
  },
  {
    "url": "https://www.foodpantries.org/li/Welcome_Table_Soup_Kitchen",
    "name": "Welcome Table Soup Kitchen",
    "address": "145 3rd Ave W",
    "city": "Dickenson",
    "state": "ND",
    "zip": "58601",
    "phone": "(701) 483-2294",
    "fax": null,
    "email": null,
    "website": "http://www.freefood.org/",
    "hours": "Tuesday and Thursdays 1:30 PM - 4:30 PM  Location:  St. Joe\u2019s Plaza - north side Corner of Sims and 8th St W - Door M  Mailing Address:  \u00a0 Amen Inc. \u00a0 P.O. Box 1231 \u00a0 Dickinson, ND 5860\nGo To Details Page For More Information",
    "description": null,
    "requirements": null,
    "scraped_at": "2025-11-02T14:43:55.993033",
    "latitude": 41.2050804,
    "longitude": -106.7839918,
    "geocoded_address": "Dickenson Avenue, Encampment, Carbon County, Wyoming, 82325, United States of America",
    "note": "Geocoded to city center (exact address not found)"
  },
  {
    "url": "https://www.foodpantries.org/li/amen_food_pantry_58601",
    "name": "Amen (Association to Meet Emergency Needs) Food Pantry",
    "address": "30 7th St W",
    "city": "Dickinson",
    "state": "ND",
    "zip": "58601",
    "phone": "(701) 483-4344",
    "fax": null,
    "email": null,
    "website": "http://www.freefood.org/",
    "hours": "Tuesday and Thursdays 1:30 PM - 4:30 PMLocation:St. Joe\u2019s Plaza - north side Corner of Sims and 8th St W - Door MMailing Address: \u00a0 Amen Inc.\u00a0 P.O. Box 1231\u00a0 Dickinson, ND 58602\nCounty or Counties Served: Stark",
    "description": null,
    "requirements": null,
    "scraped_at": "2025-11-02T14:44:00.941700",
    "latitude": 46.8864117,
    "longitude": -102.7856636,
    "geocoded_address": "St. Joe's Plaza, 30, West 7th Street, Dickinson, Stark County, North Dakota, 58601, United States of America"
  },
  {
    "url": "https://www.foodpantries.org/li/community_action_partnership_58601",
    "name": "Community Action Partnership",
    "address": "202 East Villard",
    "city": "Dickinson",
    "state": "ND",
    "zip": "58601",
    "phone": null,
    "fax": null,
    "email": null,
    "website": "http://www.freefood.org/",
    "hours": "Tuesday and Thursdays 1:30 PM - 4:30 PM  Location:  St. Joe\u2019s Plaza - north side Corner of Sims and 8th St W - Door M  Mailing Address:  \u00a0 Amen Inc. \u00a0 P.O. Box 1231 \u00a0 Dickinson, ND 5860\nGo To Details Page For More Information",
    "description": null,
    "requirements": null,
    "scraped_at": "2025-11-02T14:44:03.823930",
    "latitude": 46.8784122,
    "longitude": -102.7825156,
    "geocoded_address": "202, East Villard Street, Dickinson, Stark County, North Dakota, 58601, United States of America"
  },
  {
    "url": "https://www.foodpantries.org/li/new_england_open_door_58647",
    "name": "New England Open Door",
    "address": "1342 1st Ave West",
    "city": "New England",
    "state": "ND",
    "zip": "58647",
    "phone": null,
    "fax": null,
    "email": null,
    "website": "http://www.freefood.org/",
    "hours": "Tuesday and Thursdays 1:30 PM - 4:30 PM  Location:  St. Joe\u2019s Plaza - north side Corner of Sims and 8th St W - Door M  Mailing Address:  \u00a0 Amen Inc. \u00a0 P.O. Box 1231 \u00a0 Dickinson, ND 5860\nGo To Details Page For More Information",
    "description": null,
    "requirements": null,
    "scraped_at": "2025-11-02T14:44:06.975333",
    "latitude": 46.5449052,
    "longitude": -102.8697724,
    "geocoded_address": "1342, 1st Avenue West, New England, Hettinger County, North Dakota, 58647, United States of America"
  },
  {
    "url": "https://www.foodpantries.org/li/Salvation_Army__Bismarck_Nd",
    "name": "Salvation Army",
    "address": "601 S Washington Street",
    "city": "Bismarck",
    "state": "ND",
    "zip": "58504",
    "phone": "(701) 223-1889",
    "fax": null,
    "email": null,
    "website": "http://www.freefood.org/",
    "hours": "Monday to Friday: 11:00 am to 7:00 pm Saturday: 11:00 am to 5:00 pm   Notes:  No ID or paperwork is required to eat at the Soup Cafe. Serve the elderly, low income, working poor, disabled, single moms or dads with children, veterans, neighborhood after school \nGo To Details Page For More Information",
    "description": null,
    "requirements": null,
    "scraped_at": "2025-11-02T14:44:09.296987",
    "latitude": 46.7996038,
    "longitude": -100.7945601,
    "geocoded_address": "601, South Washington Street, Bismarck, Burleigh County, North Dakota, 58504, United States of America"
  },
  {
    "url": "https://www.foodpantries.org/li/Stone_Soup_Kitchen__Ruth_Meier\u00e2\u20ac\u2122s_Hospitality_House",
    "name": "Stone Soup Kitchen  Ruth Meier's Hospitality House",
    "address": "1800 East Broadway",
    "city": "Bismarck",
    "state": "ND",
    "zip": "58502",
    "phone": null,
    "fax": null,
    "email": null,
    "website": "http://www.freefood.org/",
    "hours": "Monday to Friday: 11:00 am to 7:00 pm Saturday: 11:00 am to 5:00 pm   Notes:  No ID or paperwork is required to eat at the Soup Cafe. Serve the elderly, low income, working poor, disabled, single moms or dads with children, veterans, neighborhood after school \nGo To Details Page For More Information",
    "description": null,
    "requirements": null,
    "scraped_at": "2025-11-02T14:44:12.689658",
    "latitude": 46.806317,
    "longitude": -100.764678,
    "geocoded_address": "1800, East Broadway Avenue, Bismarck, Burleigh County, North Dakota, 58501, United States of America"
  },
  {
    "url": "https://www.foodpantries.org/li/salvation_army_58502",
    "name": "Salvation Army",
    "address": "601 S. Washington St.",
    "city": "Bismarck",
    "state": "ND",
    "zip": "58502",
    "phone": null,
    "fax": null,
    "email": null,
    "website": "http://www.freefood.org/",
    "hours": "Monday to Friday: 11:00 am to 7:00 pm Saturday: 11:00 am to 5:00 pm   Notes:  No ID or paperwork is required to eat at the Soup Cafe. Serve the elderly, low income, working poor, disabled, single moms or dads with children, veterans, neighborhood after school \nGo To Details Page For More Information",
    "description": null,
    "requirements": null,
    "scraped_at": "2025-11-02T14:44:15.654583",
    "latitude": 46.7996038,
    "longitude": -100.7945601,
    "geocoded_address": "601, South Washington Street, Bismarck, Burleigh County, North Dakota, 58504, United States of America"
  },
  {
    "url": "https://www.foodpantries.org/li/corpus_christi_church_58501",
    "name": "Corpus Christi Church",
    "address": "1919 N. 2nd Street",
    "city": "Bismarck",
    "state": "ND",
    "zip": "58501",
    "phone": null,
    "fax": null,
    "email": null,
    "website": "http://www.freefood.org/",
    "hours": "Monday to Friday: 11:00 am to 7:00 pm Saturday: 11:00 am to 5:00 pm   Notes:  No ID or paperwork is required to eat at the Soup Cafe. Serve the elderly, low income, working poor, disabled, single moms or dads with children, veterans, neighborhood after school \nGo To Details Page For More Information",
    "description": null,
    "requirements": null,
    "scraped_at": "2025-11-02T14:44:19.116465",
    "latitude": 46.8223393,
    "longitude": -100.7901516,
    "geocoded_address": "2nd Street, Bismarck, Burleigh County, North Dakota, 58505, United States of America"
  },
  {
    "url": "https://www.foodpantries.org/li/community_action_program_region_vii_58504",
    "name": "Community Action Program Region VII",
    "address": "2105 Lee Avenue",
    "city": "Bismarck",
    "state": "ND",
    "zip": "58504",
    "phone": "(701) 258-2240",
    "fax": null,
    "email": null,
    "website": "https://www.cap7.com/",
    "hours": "Tuesdays 9:30 am \u2013 11:30 am Wednesdays 5:00 \u2013 7:00 pm  Donation Hours:  Monday - Friday : 8:00 am - 5:00 pm THEY DO NOT ACCEPT DONATIONS OF CLOTHING, FURNITURE or HOUSEHOLD ITEMS. \nGo To Details Page For More Information",
    "description": null,
    "requirements": null,
    "scraped_at": "2025-11-02T14:44:22.215103",
    "latitude": 46.7919113,
    "longitude": -100.7593137,
    "geocoded_address": "2105, Lee Avenue, Bismarck, Burleigh County, North Dakota, 58504, United States of America"
  },
  {
    "url": "https://www.foodpantries.org/li/bismarck_emergency_food_pantry_58504",
    "name": "Bismarck Emergency Food Pantry",
    "address": "725 Memorial Highway",
    "city": "Bismarck",
    "state": "ND",
    "zip": "58504",
    "phone": null,
    "fax": null,
    "email": null,
    "website": "http://www.freefood.org/",
    "hours": "Monday to Friday: 11:00 am to 7:00 pm Saturday: 11:00 am to 5:00 pm   Notes:  No ID or paperwork is required to eat at the Soup Cafe. Serve the elderly, low income, working poor, disabled, single moms or dads with children, veterans, neighborhood after school \nGo To Details Page For More Information",
    "description": null,
    "requirements": null,
    "scraped_at": "2025-11-02T14:44:25.187755",
    "latitude": 46.8057413,
    "longitude": -100.8025092,
    "geocoded_address": "725, Memorial Highway, Bismarck, Burleigh County, North Dakota, 58504, United States of America"
  },
  {
    "url": "https://www.foodpantries.org/li/nd_bismarck_ministry-on-the-margins-food-pantry",
    "name": "Ministry on the Margins Food Pantry",
    "address": "201 N 24th Street",
    "city": "Bismarck",
    "state": "ND",
    "zip": "58501",
    "phone": "(701) 223-6315",
    "fax": null,
    "email": null,
    "website": "http://www.freefood.org/",
    "hours": "Tuesdays 9:30 am \u2013 11:30 amWednesdays 5:00 \u2013 7:00 pmDonation Hours:Monday - Friday : 8:00 am - 5:00 pmTHEY DO NOT ACCEPT DONATIONS OF CLOTHING, FURNITURE or HOUSEHOLD ITEMS.\nVolunteering Information:https://ministryonthemargins.com/volunteer/ \nCounty or Counties Served: Burleigh",
    "description": null,
    "requirements": null,
    "scraped_at": "2025-11-02T14:44:27.887929",
    "latitude": 46.806252,
    "longitude": -100.755637,
    "geocoded_address": "201, North 24th Street, Bismarck, Burleigh County, North Dakota, 58501, United States of America"
  },
  {
    "url": "https://www.foodpantries.org/li/nd_bismarck_heavens-helpers-soup-cafe",
    "name": "Heavens Helpers Soup Cafe",
    "address": "220 N 23rd Street",
    "city": "Bismarck",
    "state": "ND",
    "zip": "58501",
    "phone": "(701) 751-7687",
    "fax": null,
    "email": null,
    "website": "http://www.freefood.org/",
    "hours": "Monday to Friday: 11:00 am to 7:00 pmSaturday: 11:00 am to 5:00 pmNotes:No ID or paperwork is required to eat at the Soup Cafe.Serve the elderly, low income, working poor, disabled, single moms or dads with children, veterans, neighborhood after school kids, ALL people.\nCounty or Counties Served: Burleigh",
    "description": null,
    "requirements": null,
    "scraped_at": "2025-11-02T14:44:32.021098",
    "latitude": 46.8064292,
    "longitude": -100.7573949,
    "geocoded_address": "220, North 23rd Street, Bismarck, Burleigh County, North Dakota, 58501, United States of America"
  },
  {
    "url": "https://www.foodpantries.org/li/nd_bottineau_food-distribution-center-bottineau-food-pan",
    "name": "Bottineau Food Pantry - Food Distribution Center",
    "address": "122 5th St W",
    "city": "Bottineau",
    "state": "ND",
    "zip": "58318",
    "phone": "(701) 228-4098",
    "fax": null,
    "email": null,
    "website": "http://www.freefood.org/",
    "hours": "Third Wednesday of the month from 10:00am - 2:00pm. You must be a BOTTINEAU COUNTY RESIDENT to participate in their food distribution.\nCounty or Counties Served: Bottineau",
    "description": null,
    "requirements": null,
    "scraped_at": "2025-11-02T14:44:34.813341",
    "latitude": 48.827409,
    "longitude": -100.4469184,
    "geocoded_address": "122, 5th Street West, Bottineau, Bottineau County, North Dakota, 58318, United States of America"
  },
  {
    "url": "https://www.foodpantries.org/li/nd_bowbells_food-distribution-center-society-of-saint-s",
    "name": "Society of St. Stephens Food Pantry",
    "address": "10 Washington Ave and 1st Street",
    "city": "Bowbells",
    "state": "ND",
    "zip": "58721",
    "phone": "(701) 596-3505",
    "fax": null,
    "email": null,
    "website": "http://www.freefood.org/",
    "hours": "Tuesdays from 2:00pm to 4:00pm.Call to confirm that the hours have not changed. We do our best to provide full information and details, but food bank often changes their hours without giving us notice.",
    "description": null,
    "requirements": null,
    "scraped_at": "2025-11-02T14:44:37.792161",
    "latitude": 48.803083,
    "longitude": -102.246001,
    "geocoded_address": "Bowbells, Burke County, North Dakota, 58722, United States of America",
    "note": "Geocoded to city center (exact address not found)"
  },
  {
    "url": "https://www.foodpantries.org/li/Kenmare_Food_Pantry",
    "name": "Kenmare Food Pantry",
    "address": "401 N Central",
    "city": "Kenmare",
    "state": "ND",
    "zip": "58713",
    "phone": null,
    "fax": null,
    "email": null,
    "website": "http://www.freefood.org/",
    "hours": "Monday 12:30pm - 3:00pm Except legal holidays. Please be there by 2:30 so our volunteers can head home at 3:00pm.  Located in the Memorial Building in Stanley. Please use doors by the flagpole. Serving all of Mountrail County.  For more information, please call.  \nGo To Details Page For More Information",
    "description": null,
    "requirements": null,
    "scraped_at": "2025-11-02T14:44:41.106536",
    "latitude": 48.674725,
    "longitude": -102.082646,
    "geocoded_address": "401, North Central Avenue, Kenmare, Ward County, North Dakota, 58746, United States of America"
  },
  {
    "url": "https://www.foodpantries.org/li/kenmare_food_pantry_58746",
    "name": "Kenmare Food Pantry",
    "address": "503 1st Avenue NE",
    "city": "Kenmare",
    "state": "ND",
    "zip": "58746",
    "phone": null,
    "fax": null,
    "email": null,
    "website": "http://www.freefood.org/",
    "hours": "Monday 12:30pm - 3:00pm Except legal holidays. Please be there by 2:30 so our volunteers can head home at 3:00pm.  Located in the Memorial Building in Stanley. Please use doors by the flagpole. Serving all of Mountrail County.  For more information, please call.  \nGo To Details Page For More Information",
    "description": null,
    "requirements": null,
    "scraped_at": "2025-11-02T14:44:44.388771",
    "latitude": 48.6757698,
    "longitude": -102.0810896,
    "geocoded_address": "503, 1st Avenue Northeast, Kenmare, Ward County, North Dakota, 58746, United States of America"
  },
  {
    "url": "https://www.foodpantries.org/li/bowman_community_cupboard_58623",
    "name": "Bowman Community Cupboard Food Pantry",
    "address": "202 1st Ave SE",
    "city": "Bowman",
    "state": "ND",
    "zip": "58623",
    "phone": "(612) 968-6098",
    "fax": null,
    "email": null,
    "website": "http://www.freefood.org/",
    "hours": "3rd Wednesday of every month from 3-5pm.Mailing address:PO Box 262Bowman, ND 58623Pantry Dates and hours are subject to change, contact the Food Pantry if you need more information.\nCounty or Counties Served: Bowman",
    "description": null,
    "requirements": null,
    "scraped_at": "2025-11-02T14:44:46.743379",
    "latitude": 46.1800846,
    "longitude": -103.3935992,
    "geocoded_address": "202, 1st Avenue Southeast, Bowman, Bowman County, North Dakota, 58623, United States of America"
  },
  {
    "url": "https://www.foodpantries.org/li/nd_burlington_burlington-food-pantry",
    "name": "Peace Lutheran Church Burlington Food Pantry",
    "address": "521 N Davis Street",
    "city": "Burlington",
    "state": "ND",
    "zip": "58722",
    "phone": "(701) 852-3880",
    "fax": null,
    "email": null,
    "website": "http://www.freefood.org/",
    "hours": "First Monday of each month.Pantry Dates and hours are subject to change, contact the Food Pantry if you need more information.\nCounty or Counties Served: Ward",
    "description": null,
    "requirements": null,
    "scraped_at": "2025-11-02T14:44:49.519135",
    "latitude": 48.2808209,
    "longitude": -101.4294841,
    "geocoded_address": "521, North Davis Street, Burlington, Ward County, North Dakota, 58722, United States of America"
  },
  {
    "url": "https://www.foodpantries.org/li/The_Lord\u00e2\u20ac\u2122s_Cupboard",
    "name": "The Lord's Cupboard",
    "address": "1725 Burdick Expressway West",
    "city": "Minot",
    "state": "ND",
    "zip": "58701",
    "phone": "(701) 839-1990",
    "fax": null,
    "email": null,
    "website": "http://www.freefood.org/",
    "hours": "Mondays, Tuesdays, Thursdays and Fridays from 1:00 to 4:00 p.m. Closed on Wednesdays. To donate to the food pantry contact the parish office at 701-839-6834.  For more information, please call.  \nGo To Details Page For More Information",
    "description": null,
    "requirements": null,
    "scraped_at": "2025-11-02T14:44:53.608910",
    "latitude": 48.2236995,
    "longitude": -101.3195338,
    "geocoded_address": "Burdick Expressway West, Minot, Ward County, North Dakota, 58701, United States of America"
  },
  {
    "url": "https://www.foodpantries.org/li/our_lady_of_grace_church_58701",
    "name": "Our Lady of Grace Church Food Pantry",
    "address": "707 16th Ave SW",
    "city": "Minot",
    "state": "ND",
    "zip": "58701",
    "phone": "(701) 839-5520",
    "fax": null,
    "email": null,
    "website": "http://www.freefood.org/",
    "hours": "Mondays, Tuesdays, Thursdays and Fridays from 1:00 to 4:00 p.m. Closed on Wednesdays.To donate to the food pantry contact the parish office at 701-839-6834.For more information, please call.\nCounty or Counties Served: Ward",
    "description": null,
    "requirements": null,
    "scraped_at": "2025-11-02T14:44:56.299536",
    "latitude": 48.2181992,
    "longitude": -101.3031829,
    "geocoded_address": "707, 16th Avenue Southwest, Minot, Ward County, North Dakota, 58701, United States of America"
  },
  {
    "url": "https://www.foodpantries.org/li/Salvation_Army_Food_Pantry_Minotnd",
    "name": "Salvation Army Food Shelf Minot",
    "address": "315 Western Avenue",
    "city": "Minot",
    "state": "ND",
    "zip": "58701",
    "phone": "(701) 838-8925",
    "fax": "(701) 838-2511",
    "email": null,
    "website": "http://www.freefood.org/",
    "hours": null,
    "description": null,
    "requirements": null,
    "scraped_at": "2025-11-02T14:44:59.235807",
    "latitude": 48.2338793,
    "longitude": -101.2974287,
    "geocoded_address": "315, Western Avenue Southwest, Downtown, Minot, Ward County, North Dakota, 58701, United States of America"
  },
  {
    "url": "https://www.foodpantries.org/li/community_action_partnership-minot_region_58701",
    "name": "Community Action Partnership-Minot Region",
    "address": "2020 8th Avenue SE",
    "city": "Minot",
    "state": "ND",
    "zip": "58701",
    "phone": null,
    "fax": null,
    "email": null,
    "website": "http://www.freefood.org/",
    "hours": "Monday, Wednesday, and Friday 10:00am - 12:00pm; 1:00pm - 3:00pm Our food shelves offer a wide range of groceries, allowing individuals and families in need to stretch their budgets. Food boxes may include shelf-stable pantry items, breads, cereals, meat and other household necessities. On oc\nGo To Details Page For More Information",
    "description": null,
    "requirements": null,
    "scraped_at": "2025-11-02T14:45:02.120044",
    "latitude": 48.229128,
    "longitude": -101.262791,
    "geocoded_address": "2020, 8th Avenue Southeast, Minot, Ward County, North Dakota, 58701, United States of America"
  },
  {
    "url": "https://www.foodpantries.org/li/glenburn_food_pantry_58740",
    "name": "Glenburn Food Pantry",
    "address": "109 Main Street",
    "city": "Glenburn",
    "state": "ND",
    "zip": "58740",
    "phone": null,
    "fax": null,
    "email": null,
    "website": "http://www.freefood.org/",
    "hours": "First Monday of each month. Pantry Dates and hours are subject to change, contact the Food Pantry if you need more information. \nGo To Details Page For More Information",
    "description": null,
    "requirements": null,
    "scraped_at": "2025-11-02T14:45:05.136528",
    "latitude": 48.512986,
    "longitude": -101.2227095,
    "geocoded_address": "109, Main Street, Glenburn, Renville County, North Dakota, 58740, United States of America"
  },
  {
    "url": "https://www.foodpantries.org/li/Glenburn_Food_Pantry",
    "name": "Glenburn Food Pantry",
    "address": "309 Main St",
    "city": "Glenburn",
    "state": "ND",
    "zip": "58740",
    "phone": null,
    "fax": null,
    "email": null,
    "website": "http://www.freefood.org/",
    "hours": "First Monday of each month. Pantry Dates and hours are subject to change, contact the Food Pantry if you need more information. \nGo To Details Page For More Information",
    "description": null,
    "requirements": null,
    "scraped_at": "2025-11-02T14:45:07.738613",
    "latitude": 48.5129756,
    "longitude": -101.2203061,
    "geocoded_address": "309, Main Street, Glenburn, Renville County, North Dakota, 58740, United States of America"
  },
  {
    "url": "https://www.foodpantries.org/li/Cando_Area_Food_Pantry",
    "name": "Cando Area Food Pantry",
    "address": "304 5th Avenue",
    "city": "Cando",
    "state": "ND",
    "zip": "58324",
    "phone": "(701) 968-3105",
    "fax": null,
    "email": null,
    "website": "http://www.freefood.org/",
    "hours": "Mondays 11:00am - 1:00pm3rd Friday of each month 5:00pm - 7:00pm\nCounty or Counties Served: Towner",
    "description": null,
    "requirements": null,
    "scraped_at": "2025-11-02T14:45:11.268484",
    "latitude": 48.4917353,
    "longitude": -99.2037822,
    "geocoded_address": "304, 5th Avenue, Cando, Towner County, North Dakota, 58324, United States of America"
  },
  {
    "url": "https://www.foodpantries.org/li/nd_devils-lake_dakota-prairie-community-action-agency-pantry",
    "name": "Dakota Prairie Community Action Agency Food Pantry",
    "address": "223 4th Street NE",
    "city": "Devils Lake",
    "state": "ND",
    "zip": "58301",
    "phone": "(701) 662-6500",
    "fax": null,
    "email": null,
    "website": "http://www.freefood.org/",
    "hours": "Monday to Thursday: 8:00 am to 5:00 pm Friday: 8:00 am to 4:00 pmService Area:Rolette, Towner, Benson Cavalier, Ramsey, Eddy\nMission Statement\r\n               Dakota Prairie Community Action Agency (DPCAA) exists to provide advocacy, programs and services to mitigate the issues of poverty and improve economic self-sufficiency for all households in our communities.\r\n            \nCounty or Counties Served: Ramsey",
    "description": null,
    "requirements": null,
    "scraped_at": "2025-11-02T14:45:13.296152",
    "latitude": 48.1118522,
    "longitude": -98.8617038,
    "geocoded_address": "223, 4th Street Northeast, Devils Lake, Ramsey County, North Dakota, 58301, United States of America"
  },
  {
    "url": "https://www.foodpantries.org/li/dakota_prairie_caa_devils_lake_food_pantry_58301",
    "name": "Hope Center Food Pantry Devils Lake",
    "address": "313 3rd Ave NE",
    "city": "Devils Lake",
    "state": "ND",
    "zip": "58301",
    "phone": "(701) 665-4673",
    "fax": null,
    "email": null,
    "website": "http://www.freefood.org/",
    "hours": "Mondays through Fridays 8am to 5pm. \nCounty or Counties Served: Ramsey",
    "description": null,
    "requirements": null,
    "scraped_at": "2025-11-02T14:45:16.307650",
    "latitude": 48.1110649,
    "longitude": -98.8619239,
    "geocoded_address": "313, 3rd Avenue Northeast, Devils Lake, Ramsey County, North Dakota, 58301, United States of America"
  },
  {
    "url": "https://www.foodpantries.org/li/New_Life_Baptist_Mission_Nd",
    "name": "New Life Baptist Mission Nd",
    "address": "7037 8th Ave",
    "city": "Cannonball",
    "state": "ND",
    "zip": "58528",
    "phone": null,
    "fax": null,
    "email": null,
    "website": "http://www.freefood.org/",
    "hours": "Wednesday 11:00am to 1:00pm  There is not a direct phone number for the pantry.",
    "description": null,
    "requirements": null,
    "scraped_at": "2025-11-02T14:45:18.419536",
    "latitude": 46.3739027,
    "longitude": -102.3331518,
    "geocoded_address": "Cannonball Avenue, Mott, Hettinger County, North Dakota, 58646, United States of America",
    "note": "Geocoded to city center (exact address not found)"
  },
  {
    "url": "https://www.foodpantries.org/li/daily_bread_program_58421",
    "name": "Daily Bread Program",
    "address": "875 Main Street",
    "city": "Carrington",
    "state": "ND",
    "zip": "58421",
    "phone": null,
    "fax": null,
    "email": null,
    "website": "http://www.freefood.org/",
    "hours": null,
    "description": null,
    "requirements": null,
    "scraped_at": "2025-11-02T14:45:22.939705",
    "latitude": 47.4496222,
    "longitude": -99.1243836,
    "geocoded_address": "875, Main Street, Carrington, Foster County, North Dakota, 58421, United States of America"
  },
  {
    "url": "https://www.foodpantries.org/li/Kiwanais_Food_Pantry",
    "name": "Kiwanais Food Pantry",
    "address": "108 North 8th St",
    "city": "New Rockford",
    "state": "ND",
    "zip": "58356",
    "phone": null,
    "fax": null,
    "email": null,
    "website": "http://www.freefood.org/",
    "hours": "Wednesday: 9:00 am to 12:00 pm\nGo To Details Page For More Information",
    "description": null,
    "requirements": null,
    "scraped_at": "2025-11-02T14:45:25.263397",
    "latitude": 47.681331,
    "longitude": -99.1380356,
    "geocoded_address": "108, 8th Street North, New Rockford, Eddy County, North Dakota, 58356, United States of America"
  },
  {
    "url": "https://www.foodpantries.org/li/kiwanais_food_pantry_58356",
    "name": "Kiwanais Food Pantry",
    "address": "108 North 8th Street",
    "city": "New Rockford",
    "state": "ND",
    "zip": "58356",
    "phone": null,
    "fax": null,
    "email": null,
    "website": "http://www.freefood.org/",
    "hours": "Wednesday: 9:00 am to 12:00 pm\nGo To Details Page For More Information",
    "description": null,
    "requirements": null,
    "scraped_at": "2025-11-02T14:45:27.534185",
    "latitude": 47.681331,
    "longitude": -99.1380356,
    "geocoded_address": "108, 8th Street North, New Rockford, Eddy County, North Dakota, 58356, United States of America"
  },
  {
    "url": "https://www.foodpantries.org/li/carson_food_pantry-grant_county_58529",
    "name": "Carson Food Pantry-Grant County",
    "address": "7777 52nd Avenue SW",
    "city": "Carson",
    "state": "ND",
    "zip": "58529",
    "phone": null,
    "fax": null,
    "email": null,
    "website": "http://www.freefood.org/",
    "hours": null,
    "description": null,
    "requirements": null,
    "scraped_at": "2025-11-02T14:45:30.685515",
    "latitude": 46.4177836,
    "longitude": -101.564865,
    "geocoded_address": "Carson, Grant County, North Dakota, United States of America",
    "note": "Geocoded to city center (exact address not found)"
  },
  {
    "url": "https://www.foodpantries.org/li/pembina-county-emergency-food-pantry",
    "name": "Pembina County Emergency Food Pantry",
    "address": "106 Main Street W. Suite B",
    "city": "Cavalier",
    "state": "ND",
    "zip": "58220",
    "phone": "(701) 270-1408",
    "fax": null,
    "email": null,
    "website": "http://www.freefood.org/",
    "hours": "Tuesdays 3:00pm to 4:30 pm\nCounty or Counties Served: Pembina",
    "description": null,
    "requirements": null,
    "scraped_at": "2025-11-02T14:45:34.467529",
    "latitude": 48.7938814,
    "longitude": -97.6223098,
    "geocoded_address": "Cavalier, Pembina County, North Dakota, United States of America",
    "note": "Geocoded to city center (exact address not found)"
  },
  {
    "url": "https://www.foodpantries.org/li/bountiful-basement-hunger-center",
    "name": "Bountiful Basement Hunger Center",
    "address": "14040 Puritas Avenue",
    "city": "Cleveland",
    "state": "ND",
    "zip": "44135",
    "phone": "(216) 671-3870",
    "fax": null,
    "email": null,
    "website": "http://www.freefood.org/",
    "hours": "Tuesday & Thursday\r\n 9:30am - 12:00pm\r\n Wednesday\r\n 5:00pm - 6:45pm\n\r\nFor more information, please call. \nCounty or Counties Served: Cuyahoga",
    "description": null,
    "requirements": null,
    "scraped_at": "2025-11-02T14:45:38.103472",
    "latitude": 41.4996574,
    "longitude": -81.6936772,
    "geocoded_address": "Cleveland, Cuyahoga County, Ohio, United States of America",
    "note": "Geocoded to city center (exact address not found)"
  },
  {
    "url": "https://www.foodpantries.org/li/church-of-jesus-christ-mount-moriah",
    "name": "Church of Jesus Christ Mount Moriah",
    "address": "9807 Cudell Avenue",
    "city": "Cleveland",
    "state": "ND",
    "zip": "44102",
    "phone": "(216) 451-7585",
    "fax": null,
    "email": null,
    "website": "http://www.freefood.org/",
    "hours": "3rd Saturday 11:00 am-1:00 pm\r\n                                    \r\n                                                                        \n* Important: Please call the food pantries to confirm that the hours have not changed. We do our best to provide full information and details, but food pantries often change their hours without notifying us. We do not want you to waste your time visiting a pantry that is not open.",
    "description": null,
    "requirements": null,
    "scraped_at": "2025-11-02T14:45:42.415252",
    "latitude": 41.4996574,
    "longitude": -81.6936772,
    "geocoded_address": "Cleveland, Cuyahoga County, Ohio, United States of America",
    "note": "Geocoded to city center (exact address not found)"
  },
  {
    "url": "https://www.foodpantries.org/li/progress_community_center_58401",
    "name": "Progress Community Center",
    "address": "428 2nd St SW",
    "city": "Jamestown",
    "state": "ND",
    "zip": "58401",
    "phone": null,
    "fax": null,
    "email": null,
    "website": "http://www.freefood.org/",
    "hours": null,
    "description": null,
    "requirements": null,
    "scraped_at": "2025-11-02T14:45:46.766312",
    "latitude": 46.907632,
    "longitude": -98.714653,
    "geocoded_address": "428, 2nd Street Southwest, Jamestown, Stutsman County, North Dakota, 58401, United States of America"
  },
  {
    "url": "https://www.foodpantries.org/li/salvation_army_58402",
    "name": "Salvation Army",
    "address": "320 1st Avenue",
    "city": "North Jamestown",
    "state": "ND",
    "zip": "58402",
    "phone": null,
    "fax": null,
    "email": null,
    "website": "http://www.freefood.org/",
    "hours": null,
    "description": null,
    "requirements": null,
    "scraped_at": "2025-11-02T14:45:48.942374",
    "latitude": 46.9061221,
    "longitude": -98.7085172,
    "geocoded_address": "320, 1st Avenue South, Jamestown, Stutsman County, North Dakota, 58401, United States of America"
  },
  {
    "url": "https://www.foodpantries.org/li/community_action_region_vi_58402",
    "name": "Community Action Region VI",
    "address": "1311 12th Avenue NE",
    "city": "Jamestown",
    "state": "ND",
    "zip": "58402",
    "phone": "(701) 252-1821",
    "fax": null,
    "email": null,
    "website": "http://www.cap6.com",
    "hours": null,
    "description": null,
    "requirements": null,
    "scraped_at": "2025-11-02T14:45:52.117471",
    "latitude": 46.9210832,
    "longitude": -98.6920247,
    "geocoded_address": "1311, 12th Avenue Northeast, Jamestown, Stutsman County, North Dakota, 58401, United States of America"
  },
  {
    "url": "https://www.foodpantries.org/li/Bread_Of_Life_Food_Pantry",
    "name": "Bread of Life Food Pantry",
    "address": "538 7th Street North",
    "city": "Birmingham",
    "state": "AL",
    "zip": "35203",
    "phone": "(205) 320-2111",
    "fax": null,
    "email": null,
    "website": "http://www.freefood.org/",
    "hours": "Monday-Friday 9:00am - 4:00pm Lunch Hour Monday - Friday 11:30am -12:30pm Food Boxes available for home owners/renters on Wednesday & Thursday. For more information, please call.  \nGo To Details Page For More Information",
    "description": null,
    "requirements": null,
    "scraped_at": "2025-11-02T14:45:54.751929",
    "latitude": 33.5109301,
    "longitude": -86.8254894,
    "geocoded_address": "538, 7th Street North, Smithfield Historic District, Graymont, Birmingham, Jefferson County, Alabama, 35203, United States of America"
  },
  {
    "url": "https://www.foodpantries.org/li/Crosby_Food_Pantry",
    "name": "Crosby Food Pantry",
    "address": "301 Main Ne",
    "city": "Crosby",
    "state": "ND",
    "zip": "58730",
    "phone": null,
    "fax": null,
    "email": null,
    "website": "http://www.freefood.org/",
    "hours": null,
    "description": null,
    "requirements": null,
    "scraped_at": "2025-11-02T14:45:57.427175",
    "latitude": 48.9150723,
    "longitude": -103.2940757,
    "geocoded_address": "301, Main Street Northeast, Crosby, Divide County, North Dakota, 58730, United States of America"
  },
  {
    "url": "https://www.foodpantries.org/li/dakota_baptist_church_food_pantry_58335",
    "name": "Dakota Baptist Church Food Pantry",
    "address": "132 Hwy. 57",
    "city": "Fort Totten",
    "state": "ND",
    "zip": "58335",
    "phone": null,
    "fax": null,
    "email": null,
    "website": "http://www.freefood.org/",
    "hours": "Mondays through Fridays 8am to 5pm.  \nGo To Details Page For More Information",
    "description": null,
    "requirements": null,
    "scraped_at": "2025-11-02T14:46:00.680479",
    "latitude": 47.9799986,
    "longitude": -98.9929005,
    "geocoded_address": "Fort Totten District, Benson County, North Dakota, 58335, United States of America",
    "note": "Geocoded to city center (exact address not found)"
  },
  {
    "url": "https://www.foodpantries.org/li/Dakota_Baptist_Church_Food_Pantry",
    "name": "Dakota Baptist Church Food Pantry",
    "address": "602 Baptist Church Rd",
    "city": "Fort Totten",
    "state": "ND",
    "zip": "58335",
    "phone": "(701) 766-4516",
    "fax": null,
    "email": null,
    "website": "http://www.freefood.org/",
    "hours": "Mondays through Fridays 8am to 5pm.  \nGo To Details Page For More Information",
    "description": null,
    "requirements": null,
    "scraped_at": "2025-11-02T14:46:04.608090",
    "latitude": 47.9804354,
    "longitude": -99.0351237,
    "geocoded_address": "602, Baptist Church Road, Fort Totten District, Benson County, North Dakota, 58335, United States of America"
  },
  {
    "url": "https://www.foodpantries.org/li/Community_Nourishment_For_Mind_&_Body",
    "name": null,
    "address": null,
    "city": null,
    "state": null,
    "zip": null,
    "phone": null,
    "fax": null,
    "email": null,
    "website": "http://www.freefood.org/",
    "hours": null,
    "description": null,
    "requirements": null,
    "scraped_at": "2025-11-02T14:46:07.832603"
  },
  {
    "url": "https://www.foodpantries.org/li/spirit_lake_ministry_center_58374",
    "name": "Spirit Lake Ministry Center",
    "address": "3365 81st Street NE",
    "city": "Tokio",
    "state": "ND",
    "zip": "58374",
    "phone": "(701) 799-1174",
    "fax": null,
    "email": null,
    "website": "http://www.freefood.org/",
    "hours": "Mondays through Fridays 8am to 5pm.  \nGo To Details Page For More Information",
    "description": null,
    "requirements": null,
    "scraped_at": "2025-11-02T14:46:09.073412",
    "latitude": 47.9247214,
    "longitude": -98.8162234,
    "geocoded_address": "Tokio, Wood Lake District, Benson County, North Dakota, 58379, United States of America",
    "note": "Geocoded to city center (exact address not found)"
  },
  {
    "url": "https://www.foodpantries.org/li/Bdecan_Presbyterian_Food_Pantry",
    "name": "Bdecan Presbyterian Food Pantry",
    "address": "8194 34th Street NE",
    "city": "Tokio",
    "state": "ND",
    "zip": "58379",
    "phone": "(701) 662-3584",
    "fax": null,
    "email": null,
    "website": "http://www.freefood.org/",
    "hours": "Mondays through Fridays 8am to 5pm.  \nGo To Details Page For More Information",
    "description": null,
    "requirements": null,
    "scraped_at": "2025-11-02T14:46:13.057885",
    "latitude": 47.9126239,
    "longitude": -98.8240671,
    "geocoded_address": "34th Street Northeast, Tokio, Wood Lake District, Benson County, North Dakota, 58379, United States of America"
  },
  {
    "url": "https://www.foodpantries.org/li/Spirit_Lake_Ministry_Center",
    "name": "Spirit Lake Ministry Center",
    "address": "3365 81st St Ne",
    "city": "Sheyenne",
    "state": "ND",
    "zip": "58374",
    "phone": null,
    "fax": null,
    "email": null,
    "website": "http://www.freefood.org/",
    "hours": "Mondays through Fridays 8am to 5pm.  \nGo To Details Page For More Information",
    "description": null,
    "requirements": null,
    "scraped_at": "2025-11-02T14:46:16.040955",
    "latitude": 47.828054,
    "longitude": -99.120122,
    "geocoded_address": "Sheyenne, Eddy County, North Dakota, United States of America",
    "note": "Geocoded to city center (exact address not found)"
  },
  {
    "url": "https://www.foodpantries.org/li/lamoure_county_food_pantry_58431",
    "name": "LaMoure County Food Pantry",
    "address": "9199 County Hwy 35 SE",
    "city": "Dickey",
    "state": "ND",
    "zip": "58431",
    "phone": null,
    "fax": null,
    "email": null,
    "website": "http://www.freefood.org/",
    "hours": null,
    "description": null,
    "requirements": null,
    "scraped_at": "2025-11-02T14:46:19.650055",
    "latitude": 46.5369203,
    "longitude": -98.4678716,
    "geocoded_address": "Dickey, LaMoure County, North Dakota, United States of America",
    "note": "Geocoded to city center (exact address not found)"
  },
  {
    "url": "https://www.foodpantries.org/li/nd_ellendale_ellendale-community-food-pantry",
    "name": "Ellendale Community Food Pantry",
    "address": "504 2nd Avenue N",
    "city": "Ellendale",
    "state": "ND",
    "zip": "58436",
    "phone": "(701) 349-3409",
    "fax": null,
    "email": null,
    "website": "http://www.freefood.org/",
    "hours": "2nd and 4th Saturday of each month 10:00 AM - 12:00 PMSenior commodities are available by application.\nCounty or Counties Served: Dickey",
    "description": null,
    "requirements": null,
    "scraped_at": "2025-11-02T14:46:23.937368",
    "latitude": 46.0067189,
    "longitude": -98.5257472,
    "geocoded_address": "504, 2nd Avenue North, Ellendale, Dickey County, North Dakota, 58436, United States of America"
  },
  {
    "url": "https://www.foodpantries.org/li/nd_fargo_mcmerty-food-pantry",
    "name": "McMerty Food Pantry at St. Mary's Cathedral",
    "address": "630 7th Avenue N",
    "city": "Fargo",
    "state": "ND",
    "zip": "58102",
    "phone": "(701) 235-4289",
    "fax": null,
    "email": null,
    "website": "http://www.freefood.org/",
    "hours": "Saturdays 1:30PM - 3:30PM\nCounty or Counties Served: Cass",
    "description": null,
    "requirements": "Only a photo ID to verify your identity Size of your family \nGo To Details Page For More Information",
    "scraped_at": "2025-11-02T14:46:26.251366",
    "latitude": 46.8827989,
    "longitude": -96.7890239,
    "geocoded_address": "McMerty Food Pantry, 630, 7th Avenue North, Downtown, Roosevelt/NDSU, Fargo, Cass County, North Dakota, 58102, United States of America"
  },
  {
    "url": "https://www.foodpantries.org/li/latter-rain-ministries-food-shelf",
    "name": "Latter Rain Ministries Food Shelf",
    "address": "1603 Fifth Street N",
    "city": "Fargo",
    "state": "ND",
    "zip": "58103",
    "phone": "(701) 232-4530",
    "fax": null,
    "email": null,
    "website": "https://www.lrmfm.com",
    "hours": "Mon - Fri: 8-12pm, 1-4pm\nGo To Details Page For More Information",
    "description": null,
    "requirements": "Only a photo ID to verify your identity Size of your family \nGo To Details Page For More Information",
    "scraped_at": "2025-11-02T14:46:29.296091",
    "latitude": 46.877229,
    "longitude": -96.789821,
    "geocoded_address": "Fargo, Cass County, North Dakota, United States of America",
    "note": "Geocoded to city center (exact address not found)"
  },
  {
    "url": "https://www.foodpantries.org/li/new-life-center-food-shelf",
    "name": "New Life Center Food Shelf",
    "address": "1902 Third Avenue N",
    "city": "Fargo",
    "state": "ND",
    "zip": "58102",
    "phone": "(701) 235-4453",
    "fax": null,
    "email": null,
    "website": "http://www.freefood.org/",
    "hours": "Monday and Wednesday 4:00 pm - 8:00 pm Tuesday and Thursday 12:00 pm - 4:00 pm Friday - Sunday: Closed     \nGo To Details Page For More Information",
    "description": null,
    "requirements": null,
    "scraped_at": "2025-11-02T14:46:32.727840",
    "latitude": 46.877229,
    "longitude": -96.789821,
    "geocoded_address": "Fargo, Cass County, North Dakota, United States of America",
    "note": "Geocoded to city center (exact address not found)"
  },
  {
    "url": "https://www.foodpantries.org/li/emergency_food_pantry_58105",
    "name": "Emergency Food Pantry",
    "address": "1101 4th Ave N",
    "city": "Fargo",
    "state": "ND",
    "zip": "58102",
    "phone": null,
    "fax": null,
    "email": null,
    "website": "http://www.freefood.org/",
    "hours": "Monday - Friday10:00 am to 11:30 am, and 1:30 pm to 3:30 pmThe Emergency Food Pantry plays a major role in Cass and Clay Counties in distributing food to the hungry. Families and individuals may access this service once every two months (for a maximum of 6 times each year) with a referral from health or human service professional or a clergy.\r\n                                    \r\n                                    County or Counties Served: Cass",
    "description": null,
    "requirements": "Only a photo ID to verify your identity Size of your family \nGo To Details Page For More Information",
    "scraped_at": "2025-11-02T14:46:36.766273",
    "latitude": 46.8800907,
    "longitude": -96.784244,
    "geocoded_address": "4th Avenue North, Downtown, Fargo, Cass County, North Dakota, 58102, United States of America"
  },
  {
    "url": "https://www.foodpantries.org/li/emergency_food_pantry--fargo-moorhead_58105",
    "name": "Emergency Food Pantry--Fargo-Moorhead",
    "address": "1438 10th Street N",
    "city": "Fargo",
    "state": "ND",
    "zip": "58105",
    "phone": null,
    "fax": null,
    "email": null,
    "website": "http://www.freefood.org/",
    "hours": "Mon - Fri: 8-12pm, 1-4pm\r\n                                    \r\n                                                                        \n* Important: Please call the food pantries to confirm that the hours have not changed. We do our best to provide full information and details, but food pantries often change their hours without notifying us. We do not want you to waste your time visiting a pantry that is not open.",
    "description": null,
    "requirements": "Only a photo ID to verify your identity Size of your family \nGo To Details Page For More Information",
    "scraped_at": "2025-11-02T14:46:40.121093",
    "latitude": 46.8965752,
    "longitude": -96.7940381,
    "geocoded_address": "Food Pantry, 1438, 10th Street North, Washington, Fargo, Cass County, North Dakota, 58105, United States of America"
  },
  {
    "url": "https://www.foodpantries.org/li/bosnian_and_herzegovian_community_food_pantry_58102",
    "name": "Bosnian and Herzegovian Community Food Pantry",
    "address": "303 Roberts St N",
    "city": "Fargo",
    "state": "ND",
    "zip": "58102",
    "phone": null,
    "fax": null,
    "email": null,
    "website": "http://www.freefood.org/",
    "hours": "Saturdays 1:30PM - 3:30PM    \nGo To Details Page For More Information",
    "description": null,
    "requirements": "Only a photo ID to verify your identity Size of your family \nGo To Details Page For More Information",
    "scraped_at": "2025-11-02T14:46:42.913505",
    "latitude": 46.8791566,
    "longitude": -96.7889859,
    "geocoded_address": "Rosenquist & Arnason, PLLP, 303, Roberts Street North, Downtown, Fargo, Cass County, North Dakota, 58102, United States of America"
  },
  {
    "url": "https://www.foodpantries.org/li/salvation_army_fargo_58102",
    "name": "Salvation Army Fargo",
    "address": "304 Roberts Street",
    "city": "Fargo",
    "state": "ND",
    "zip": "58102",
    "phone": "(701) 232-5565",
    "fax": null,
    "email": null,
    "website": "http://www.freefood.org/",
    "hours": "Saturdays 1:30PM - 3:30PM    \nGo To Details Page For More Information",
    "description": null,
    "requirements": "Only a photo ID to verify your identity Size of your family \nGo To Details Page For More Information",
    "scraped_at": "2025-11-02T14:46:45.355631",
    "latitude": 46.8792537,
    "longitude": -96.7895518,
    "geocoded_address": "The Salvation Army Chapel & Worship Center, 304, Roberts Street North, Downtown, Fargo, Cass County, North Dakota, 58102, United States of America"
  },
  {
    "url": "https://www.foodpantries.org/li/nd_fargo_faith-food-ministry-food-pantry",
    "name": "Faith Food Ministry Food Pantry",
    "address": "909 19th Avenue N",
    "city": "Fargo",
    "state": "ND",
    "zip": "58102",
    "phone": "(701) 232-6844",
    "fax": null,
    "email": null,
    "website": "http://www.freefood.org/",
    "hours": "Every second and fourth Fridays of each month from 1:00pm - 3:00pmReceive food both Fridays in the month if necessary.Requirements:Only a photo ID to verify your identitySize of your family\nVolunteering Information:Just come on over and help or CONTACT THEM for more information.  \nCounty or Counties Served: Cass",
    "description": null,
    "requirements": "Only a photo ID to verify your identitySize of your family\nVolunteering Information:Just come on over and help or CONTACT THEM for more information.  \nCounty or Counties Served: Cass",
    "scraped_at": "2025-11-02T14:46:48.380786",
    "latitude": 46.9050957,
    "longitude": -96.7929905,
    "geocoded_address": "Faith United Methodist Church, 909, 19th Avenue North, Northport, Fargo, Cass County, North Dakota, 58105, United States of America"
  },
  {
    "url": "https://www.foodpantries.org/li/nd_fargo_food-distribution-center-faith4hope-pantry",
    "name": "Cavalier County Emergency Food Pantry",
    "address": "1321 19th Avenue North",
    "city": "Fargo",
    "state": "ND",
    "zip": "58102",
    "phone": "(701) 793-6001",
    "fax": null,
    "email": null,
    "website": "http://www.freefood.org/",
    "hours": "Every second and fourth Fridays of each month from 1:00pm - 3:00pm Receive food both Fridays in the month if necessary. Requirements: Only a photo ID to verify your identity Size of your family \nGo To Details Page For More Information",
    "description": null,
    "requirements": "Only a photo ID to verify your identity Size of your family \nGo To Details Page For More Information",
    "scraped_at": "2025-11-02T14:46:50.866690",
    "latitude": 46.9063986,
    "longitude": -96.7997596,
    "geocoded_address": "CVS Pharmacy, 1321, 19th Avenue North, Fargo, Cass County, North Dakota, 58102, United States of America"
  },
  {
    "url": "https://www.foodpantries.org/li/nd_58103_arbors-food-pantry",
    "name": "Arbors Food Pantry",
    "address": "622 23rd Street S",
    "city": "Fargo",
    "state": "ND",
    "zip": "58103",
    "phone": "(701) 293-6014",
    "fax": null,
    "email": null,
    "website": "http://www.freefood.org/",
    "hours": "Every Tuesday (weather permitting) 3:30pm to 5:00pm.Notes:First come, first servedPatrons may choose their own food\nVolunteering Information:Please call 7012936014 and ask for Mardi Ehrmantraut or Jeremy Robinson. Hours are Teusdays 1:30pm-5pm to volunteer. \nCounty or Counties Served: Cass",
    "description": null,
    "requirements": null,
    "scraped_at": "2025-11-02T14:46:53.493141",
    "latitude": 46.8681997,
    "longitude": -96.8170011,
    "geocoded_address": "622, 23rd Street South, Jefferson/Carl Ben, Fargo, Cass County, North Dakota, 58103, United States of America"
  },
  {
    "url": "https://www.foodpantries.org/li/nd_fargo_food-distribution-center-dorothy-day-west",
    "name": "Dorothy Day Food Pantry Distribution Center",
    "address": "1308 Main Avenue",
    "city": "Fargo",
    "state": "ND",
    "zip": "58103",
    "phone": "(218) 656-7628",
    "fax": null,
    "email": null,
    "website": "http://www.freefood.org/",
    "hours": "Monday and Wednesday 4:00 pm - 8:00 pmTuesday and Thursday 12:00 pm - 4:00 pmFriday - Sunday: Closed\nCounty or Counties Served: Cass",
    "description": null,
    "requirements": "Only a photo ID to verify your identity Size of your family \nGo To Details Page For More Information",
    "scraped_at": "2025-11-02T14:46:56.543645",
    "latitude": 46.8749397,
    "longitude": -96.7989121,
    "geocoded_address": "1308, Main Avenue, Jefferson/Carl Ben, Fargo, Cass County, North Dakota, 58103, United States of America"
  },
  {
    "url": "https://www.foodpantries.org/li/aid_incorporated_58554",
    "name": "Aid Incorporated",
    "address": "314 W. Main",
    "city": "Mandan",
    "state": "ND",
    "zip": "58554",
    "phone": null,
    "fax": null,
    "email": null,
    "website": "http://www.freefood.org/",
    "hours": "Wednesday \r\n5:00 pm - 6:30 pm \r\n \r\nFor more information, please call.",
    "description": null,
    "requirements": null,
    "scraped_at": "2025-11-02T14:46:59.358730",
    "latitude": 46.8270524,
    "longitude": -100.8852077,
    "geocoded_address": "East Main Street, Mandan, Morton County, North Dakota, 58554, United States of America"
  },
  {
    "url": "https://www.foodpantries.org/li/Abundance_Of_Grace_Food_Pantry",
    "name": "Engace Church -  Food Pantry",
    "address": "4209 Old Red Trail Rd",
    "city": "Mandan",
    "state": "ND",
    "zip": "58554",
    "phone": "(701) 590-0417",
    "fax": null,
    "email": null,
    "website": "http://www.freefood.org/",
    "hours": "Wednesday\r\n5:00 pm - 6:30 pm\n\r\nFor more information, please call.",
    "description": null,
    "requirements": null,
    "scraped_at": "2025-11-02T14:47:02.601010",
    "latitude": 46.826415,
    "longitude": -100.889704,
    "geocoded_address": "Mandan, Morton County, North Dakota, 58554, United States of America",
    "note": "Geocoded to city center (exact address not found)"
  },
  {
    "url": "https://www.foodpantries.org/li/sargent-county-food-pantry",
    "name": "Sargent County Food Pantry",
    "address": "347 Main St",
    "city": "Forman",
    "state": "ND",
    "zip": "58032",
    "phone": "(701) 680-7049",
    "fax": null,
    "email": null,
    "website": "http://www.freefood.org/",
    "hours": "Mondays 4:00pm - 6:00pmRequirements:\r\nComplete a registration form at your first visit.\r\nNumber in family and ages qualified as a senior, adult or child.Donations Accepted:\r\nAny nonperishable food items\r\nHousehold items",
    "description": null,
    "requirements": "Complete a registration form at your first visit.\r\nNumber in family and ages qualified as a senior, adult or child.Donations Accepted:\r\nAny nonperishable food items\r\nHousehold items",
    "scraped_at": "2025-11-02T14:47:06.252581",
    "latitude": 46.1069477,
    "longitude": -97.6367099,
    "geocoded_address": "Forman Public Library, 347, Main Street Southwest, Forman, Sargent County, North Dakota, 58032, United States of America"
  },
  {
    "url": "https://www.foodpantries.org/li/oakes_area_food_pantry_ethel_day_58474",
    "name": "Oakes Area Food Pantry Ethel Day",
    "address": "413 South 6th Street",
    "city": "Oakes",
    "state": "ND",
    "zip": "58474",
    "phone": null,
    "fax": null,
    "email": null,
    "website": "http://www.freefood.org/",
    "hours": null,
    "description": null,
    "requirements": null,
    "scraped_at": "2025-11-02T14:47:09.094516",
    "latitude": 46.1344694,
    "longitude": -98.0920939,
    "geocoded_address": "413, 6th Street South, Oakes, Dickey County, North Dakota, 58474, United States of America"
  },
  {
    "url": "https://www.foodpantries.org/li/marshall-county-food-pantry",
    "name": "Marshall County Food Pantry",
    "address": "909 S Main Street",
    "city": "Britton",
    "state": "SD",
    "zip": "57430",
    "phone": null,
    "fax": null,
    "email": null,
    "website": "http://www.freefood.org/",
    "hours": "Mondays 4:00pm - 6:00pm  Requirements:  \r\nComplete a registration form at your first visit. \r\nNumber in family and ages qualified as a senior, adult or child.  Donations Accepted:  \r\nAny nonperishable food items \r\nHousehold ite\nGo To Details Page For More Information",
    "description": null,
    "requirements": "Complete a registration form at your first visit. \r\nNumber in family and ages qualified as a senior, adult or child.  Donations Accepted:  \r\nAny nonperishable food items \r\nHousehold ite\nGo To Details Page For More Information",
    "scraped_at": "2025-11-02T14:47:12.713555",
    "latitude": 41.9852768,
    "longitude": -83.8307669,
    "geocoded_address": "South Main Street, Ridgeway Township, Lenawee County, Michigan, 49229, United States of America"
  },
  {
    "url": "https://www.foodpantries.org/li/ransom-county-food-pantry",
    "name": "Ransom County Food Pantry",
    "address": "507 Forest Street",
    "city": "Lisbon",
    "state": "ND",
    "zip": "58054",
    "phone": "(701) 308-0905",
    "fax": null,
    "email": null,
    "website": "http://www.freefood.org/",
    "hours": "Thursdays 1:00pm - 3:30pmHow to get food:Call Social Services before Wednesday at 5:00 pm of that particular week. This allows them to know how much perishable food to purchase for the week. Then come to the food pantry on Thursday afternoon to shop.For more information, please call. \nCounty or Counties Served: Ransom County",
    "description": null,
    "requirements": "Complete a registration form at your first visit. \r\nNumber in family and ages qualified as a senior, adult or child.  Donations Accepted:  \r\nAny nonperishable food items \r\nHousehold ite\nGo To Details Page For More Information",
    "scraped_at": "2025-11-02T14:47:15.474863",
    "latitude": 46.4415326,
    "longitude": -97.6839658,
    "geocoded_address": "507, Forest Street, Lisbon, Ransom County, North Dakota, 58054, United States of America"
  },
  {
    "url": "https://www.foodpantries.org/li/Zion_Food_Pantry",
    "name": "Zion Food Pantry",
    "address": "203 1st Ave NE",
    "city": "Mohall",
    "state": "ND",
    "zip": "58761",
    "phone": "(701) 756-6439",
    "fax": null,
    "email": null,
    "website": "http://www.freefood.org/",
    "hours": "Third Wednesday of the month 1:00pm - 2:30pm   \nGo To Details Page For More Information",
    "description": null,
    "requirements": null,
    "scraped_at": "2025-11-02T14:47:18.296909",
    "latitude": 48.7656838,
    "longitude": -101.5102642,
    "geocoded_address": "203, 1st Avenue Northeast, Mohall, Renville County, North Dakota, 58761, United States of America"
  },
  {
    "url": "https://www.foodpantries.org/li/golden_valley_food_pantry_58541",
    "name": "Golden Valley Food Pantry",
    "address": "21 E. Main St.",
    "city": "Golden Valley",
    "state": "ND",
    "zip": "58541",
    "phone": null,
    "fax": null,
    "email": null,
    "website": "http://www.freefood.org/",
    "hours": null,
    "description": null,
    "requirements": null,
    "scraped_at": "2025-11-02T14:47:20.992914",
    "latitude": 47.2897965,
    "longitude": -102.066872,
    "geocoded_address": "Main Street, Golden Valley, Mercer County, North Dakota, United States of America"
  },
  {
    "url": "https://www.foodpantries.org/li/nd-nc-walsh_county_food_pantry",
    "name": "Walsh County Food Pantry",
    "address": "314 W 15th Street",
    "city": "Grafton",
    "state": "ND",
    "zip": "58237",
    "phone": "(701) 352-1608",
    "fax": null,
    "email": null,
    "website": "http://www.freefood.org/",
    "hours": "Monday - Thursday 1:00pm - 4:00pmPlease contact them directly for more detailed program information.\nCounty or Counties Served: Walsh",
    "description": null,
    "requirements": null,
    "scraped_at": "2025-11-02T14:47:24.966070",
    "latitude": 48.4080439,
    "longitude": -97.4161955,
    "geocoded_address": "314, West 15th Street, Grafton, Walsh County, North Dakota, 58237, United States of America"
  },
  {
    "url": "https://www.foodpantries.org/li/Grafton_Ministerial_Association",
    "name": "Grafton Ministerial Association",
    "address": "344 15th St W",
    "city": "Grafton",
    "state": "ND",
    "zip": "58237",
    "phone": null,
    "fax": null,
    "email": null,
    "website": "http://www.freefood.org/",
    "hours": "Monday - Thursday 1:00pm - 4:00pm  Please contact them directly for more detailed program information. \nGo To Details Page For More Information",
    "description": null,
    "requirements": null,
    "scraped_at": "2025-11-02T14:47:28.351041",
    "latitude": 48.4080393,
    "longitude": -97.4165566,
    "geocoded_address": "344, West 15th Street, Grafton, Walsh County, North Dakota, 58237, United States of America"
  },
  {
    "url": "https://www.foodpantries.org/li/nd_58270_park-river-area-food-pantry",
    "name": "Park River Area Food Pantry at Our Saviour's Lutheran Church",
    "address": "129 Harris Ave S, PO Box L",
    "city": "Park River",
    "state": "ND",
    "zip": "58270",
    "phone": "(701) 284-6197",
    "fax": null,
    "email": null,
    "website": "http://www.freefood.org/",
    "hours": "Thursdays 6:00pm - 8:00pmLocation:Enter through the front door of the churchDonations:Accept financial donations and donations of non-perishable foods and personal care items. Donations can be mailed or dropped off at the church during business hours.\nVolunteering Information:Please contact us via email or phone and leave your contact information. \nCounty or Counties Served: Walsh",
    "description": null,
    "requirements": null,
    "scraped_at": "2025-11-02T14:47:32.625635",
    "latitude": 48.3986043,
    "longitude": -97.7411999,
    "geocoded_address": "Park River, Walsh County, North Dakota, 58270, United States of America",
    "note": "Geocoded to city center (exact address not found)"
  },
  {
    "url": "https://www.foodpantries.org/li/fish_and_loaves_food_shelf_58203",
    "name": "Fish and Loaves Food Shelf",
    "address": "190 Marshall Ave",
    "city": "Grand Forks",
    "state": "ND",
    "zip": "58203",
    "phone": null,
    "fax": null,
    "email": null,
    "website": "http://www.freefood.org/",
    "hours": "Last Tues of the month: 6:30-7pm\nGo To Details Page For More Information",
    "description": null,
    "requirements": "Please bring a picture ID and proof of residence (non-junk mail dated within the last 30 days with your name and address on it). Each family is eligible for one food basket per month.",
    "scraped_at": "2025-11-02T14:47:37.232360",
    "latitude": 47.9252104,
    "longitude": -97.0306325,
    "geocoded_address": "Grand Forks, Grand Forks County, North Dakota, United States of America",
    "note": "Geocoded to city center (exact address not found)"
  },
  {
    "url": "https://www.foodpantries.org/li/Meals_On_Wheels_Grandforks_Nd",
    "name": "Meals On Wheels Grandforks Nd",
    "address": "1200 So Columbia Road",
    "city": "Grand Forks",
    "state": "ND",
    "zip": "58203",
    "phone": null,
    "fax": null,
    "email": null,
    "website": "http://www.freefood.org/",
    "hours": "Monday - Friday 9:00am - 11:30pm and 1:00pm - 2:30pm\nGo To Details Page For More Information",
    "description": null,
    "requirements": "Please bring a picture ID and proof of residence (non-junk mail dated within the last 30 days with your name and address on it). Each family is eligible for one food basket per month.",
    "scraped_at": "2025-11-02T14:47:41.395735",
    "latitude": 47.9252104,
    "longitude": -97.0306325,
    "geocoded_address": "Grand Forks, Grand Forks County, North Dakota, United States of America",
    "note": "Geocoded to city center (exact address not found)"
  },
  {
    "url": "https://www.foodpantries.org/li/st-josephs-social-care-and-thrift-store",
    "name": "St. Joseph's Social Care Food Pantry",
    "address": "620 Eighth Avenue S",
    "city": "Grand Forks",
    "state": "ND",
    "zip": "58201",
    "phone": "(701) 864-0108",
    "fax": null,
    "email": null,
    "website": "http://www.freefood.org/",
    "hours": "Tuesday, Wednesday, Thursday\r\n 2:00 pm to 4:00 pm\n\r\nCall 701.864.0108 between 10:00 am  12:00 pm on the day you are able to pick up. All pickups will be at 2:00 pm at door #3.",
    "description": null,
    "requirements": "Please bring a picture ID and proof of residence (non-junk mail dated within the last 30 days with your name and address on it). Each family is eligible for one food basket per month.",
    "scraped_at": "2025-11-02T14:47:45.526559",
    "latitude": 47.9252104,
    "longitude": -97.0306325,
    "geocoded_address": "Grand Forks, Grand Forks County, North Dakota, United States of America",
    "note": "Geocoded to city center (exact address not found)"
  },
  {
    "url": "https://www.foodpantries.org/li/salvation_army_grand_forks_58203",
    "name": "Salvation Army Grand Forks",
    "address": "1600 University Avenue",
    "city": "Grand Forks",
    "state": "ND",
    "zip": "58203",
    "phone": "(701) 775-2597",
    "fax": null,
    "email": null,
    "website": "http://www.freefood.org/",
    "hours": "Monday - Friday 9:00am - 11:30pm and 1:00pm - 2:30pm\r\n                                    \r\n                                    County or Counties Served: Grand Forks",
    "description": null,
    "requirements": "Please bring a picture ID and proof of residence (non-junk mail dated within the last 30 days with your name and address on it). Each family is eligible for one food basket per month.",
    "scraped_at": "2025-11-02T14:47:49.531922",
    "latitude": 47.922329,
    "longitude": -97.049559,
    "geocoded_address": "1600, University Avenue, Grand Forks, Grand Forks County, North Dakota, 58203, United States of America"
  },
  {
    "url": "https://www.foodpantries.org/li/northland_rescue_mission_58201",
    "name": "Northland Rescue Mission Food Boxes and Meals",
    "address": "420 Division Avenue",
    "city": "Grand Forks",
    "state": "ND",
    "zip": "58201",
    "phone": "(701) 772-6600",
    "fax": null,
    "email": null,
    "website": "http://www.freefood.org/",
    "hours": "Tue\nGo To Details Page For More Information",
    "description": null,
    "requirements": "Please bring a picture ID and proof of residence (non-junk mail dated within the last 30 days with your name and address on it). Each family is eligible for one food basket per month.",
    "scraped_at": "2025-11-02T14:47:52.449261",
    "latitude": 47.9219169,
    "longitude": -97.0277379,
    "geocoded_address": "420, Division Avenue, Downtown Grand Forks, Grand Forks, Grand Forks County, North Dakota, 58201, United States of America"
  },
  {
    "url": "https://www.foodpantries.org/li/grand_forks_county_food_program_58201",
    "name": "Grand Forks County Food Program",
    "address": "151 S 4th Street",
    "city": "Grand Forks",
    "state": "ND",
    "zip": "58206",
    "phone": "(701) 787-8535",
    "fax": null,
    "email": null,
    "website": "http://www.freefood.org/",
    "hours": "Tue\nGo To Details Page For More Information",
    "description": null,
    "requirements": "Please bring a picture ID and proof of residence (non-junk mail dated within the last 30 days with your name and address on it). Each family is eligible for one food basket per month.",
    "scraped_at": "2025-11-02T14:47:54.857331",
    "latitude": 47.9232986,
    "longitude": -97.0288758,
    "geocoded_address": "Grand Forks County Office Building, 151, South 4th Street, Downtown Grand Forks, Grand Forks, Grand Forks County, North Dakota, 58201, United States of America"
  },
  {
    "url": "https://www.foodpantries.org/li/nd_58201_hc-community-care-center-food-pantry",
    "name": "HC Community Care Center & Food Pantry",
    "address": "1726 South Washington Street",
    "city": "Grand Forks",
    "state": "ND",
    "zip": "58201",
    "phone": "(701) 757-3480",
    "fax": null,
    "email": null,
    "website": "http://www.freefood.org/",
    "hours": "Wednesday and Thursday Night by appointment only.Call Monday or Tuesday 9:00 am - 4:00 pm to schedule an appointment. Households can use the pantry once a month.Serves: The pantry serves the cities of Grand Forks, East Grand Forks, and Fisher, Minnesota. For more information, please call.\nVolunteering Information:https://www.gfcarecenter.org/volunteer.html \nCounty or Counties Served: Grand Forks",
    "description": null,
    "requirements": "Please bring a picture ID and proof of residence (non-junk mail dated within the last 30 days with your name and address on it). Each family is eligible for one food basket per month.",
    "scraped_at": "2025-11-02T14:47:58.207035",
    "latitude": 47.9023048,
    "longitude": -97.0445005,
    "geocoded_address": "1726, South Washington Street, Grand Forks, Grand Forks County, North Dakota, 58201, United States of America"
  },
  {
    "url": "https://www.foodpantries.org/li/Mchenry_County_Food_Pantry",
    "name": "Mchenry County Food Pantry",
    "address": "302 Roosevelt Ave",
    "city": "Granville",
    "state": "ND",
    "zip": "58741",
    "phone": null,
    "fax": null,
    "email": null,
    "website": "http://www.freefood.org/",
    "hours": null,
    "description": null,
    "requirements": null,
    "scraped_at": "2025-11-02T14:48:01.125191",
    "latitude": 48.2659993,
    "longitude": -100.8465598,
    "geocoded_address": "302, Roosevelt Avenue, Granville, McHenry County, North Dakota, 58741, United States of America"
  },
  {
    "url": "https://www.foodpantries.org/li/Velva_Community_Food_Pantry",
    "name": "Velva Community Food Pantry",
    "address": "400 N Main Street",
    "city": "Velva",
    "state": "ND",
    "zip": "58790",
    "phone": "(701) 338-2143",
    "fax": null,
    "email": null,
    "website": "http://www.freefood.org/",
    "hours": "Mondays, Tuesdays, Thursdays and Fridays from 1:00 to 4:00 p.m. Closed on Wednesdays. To donate to the food pantry contact the parish office at 701-839-6834.  For more information, please call.  \nGo To Details Page For More Information",
    "description": null,
    "requirements": null,
    "scraped_at": "2025-11-02T14:48:03.990093",
    "latitude": 48.060724,
    "longitude": -100.928678,
    "geocoded_address": "400, North Main Street, Velva, McHenry County, North Dakota, 58790, United States of America"
  },
  {
    "url": "https://www.foodpantries.org/li/central_dakota_ministerial_assoc._food_pantry_58341",
    "name": "Central Dakota Ministerial Assoc. Food Pantry",
    "address": "301 Clark Avenue",
    "city": "Harvey",
    "state": "ND",
    "zip": "58341",
    "phone": "(701) 324-4223",
    "fax": null,
    "email": null,
    "website": "http://www.freefood.org/",
    "hours": "Wednesday: 9:00 am to 12:00 pm\nGo To Details Page For More Information",
    "description": null,
    "requirements": null,
    "scraped_at": "2025-11-02T14:48:06.743915",
    "latitude": 47.773916,
    "longitude": -99.9266271,
    "geocoded_address": "301, Clark Avenue, Harvey, Wells County, North Dakota, 58341, United States of America"
  },
  {
    "url": "https://www.foodpantries.org/li/nd_maddock_food-distribution-center-maddock-community",
    "name": "Maddock Community Food Pantry",
    "address": "309 Dakota Avenue",
    "city": "Maddock",
    "state": "ND",
    "zip": "58348",
    "phone": "(701) 438-2738",
    "fax": null,
    "email": null,
    "website": "http://www.freefood.org/",
    "hours": "Wednesday: 9:00 am to 12:00 pm\r\n                                    \r\n                                    County or Counties Served: Benson",
    "description": null,
    "requirements": null,
    "scraped_at": "2025-11-02T14:48:09.127754",
    "latitude": 47.9616135,
    "longitude": -99.5285911,
    "geocoded_address": "Dakota Avenue, Maddock, Benson County, North Dakota, 58348, United States of America"
  },
  {
    "url": "https://www.foodpantries.org/li/goose-river-bank-food-pantry",
    "name": "Helping Hands Food Pantry at Goose River Bank",
    "address": "1009 Dakota Ave.",
    "city": "Hatton",
    "state": "ND",
    "zip": "58240",
    "phone": "(701) 543-3937",
    "fax": null,
    "email": null,
    "website": "http://www.freefood.org/",
    "hours": "Every 2nd and 4th Wednesday of the month from 4:00pm to 6:00pm.Contact Information:Faye at 701-543-3937 or 701-430-9869\nCounty or Counties Served: Traill",
    "description": null,
    "requirements": null,
    "scraped_at": "2025-11-02T14:48:11.492581",
    "latitude": 47.6344321,
    "longitude": -97.4533604,
    "geocoded_address": "1009, Dakota Avenue, Hatton, Garfield Township, Traill County, North Dakota, 58240, United States of America"
  },
  {
    "url": "https://www.foodpantries.org/li/east-grand-forks-food-shelf",
    "name": "East Grand Forks Food Shelf",
    "address": "1715 Third Avenue NW",
    "city": "East Grand Forks",
    "state": "MN",
    "zip": "56721",
    "phone": "(218) 773-8083",
    "fax": null,
    "email": null,
    "website": "http://www.freefood.org/",
    "hours": "Monday and Wednesday\r\n 10:00am to 5:00pm\r\nFriday\r\n10:00am to 2:00pm\n\r\nFor more information, please call.",
    "description": null,
    "requirements": "Please bring a picture ID and proof of residence (non-junk mail dated within the last 30 days with your name and address on it). Each family is eligible for one food basket per month.",
    "scraped_at": "2025-11-02T14:48:15.040271",
    "latitude": 47.9317013,
    "longitude": -97.0175792,
    "geocoded_address": "East Grand Forks, Polk County, Minnesota, 56721, United States of America",
    "note": "Geocoded to city center (exact address not found)"
  },
  {
    "url": "https://www.foodpantries.org/li/adams_county_food_pantry_58639",
    "name": "Adams County Food Pantry",
    "address": "606 2nd Avenue N.",
    "city": "Hettinger",
    "state": "ND",
    "zip": "58639",
    "phone": null,
    "fax": null,
    "email": null,
    "website": "http://www.freefood.org/",
    "hours": null,
    "description": null,
    "requirements": null,
    "scraped_at": "2025-11-02T14:48:23.269997",
    "latitude": 46.0022678,
    "longitude": -102.6351065,
    "geocoded_address": "606, 2nd Avenue North, Hettinger, Adams County, North Dakota, 58639, United States of America"
  },
  {
    "url": "https://www.foodpantries.org/li/Mott_Food_Pantry",
    "name": "Mott Food Pantry",
    "address": "212 Iowa Ave",
    "city": "Mott",
    "state": "ND",
    "zip": "58646",
    "phone": null,
    "fax": null,
    "email": null,
    "website": "http://www.freefood.org/",
    "hours": null,
    "description": null,
    "requirements": null,
    "scraped_at": "2025-11-02T14:48:25.490817",
    "latitude": 46.3731329,
    "longitude": -102.3228188,
    "geocoded_address": "United Church of Christ, 212, Iowa Avenue, Mott, Hettinger County, North Dakota, 58646, United States of America"
  },
  {
    "url": "https://www.foodpantries.org/li/mott_food_pantry_58646",
    "name": "Mott Food Pantry",
    "address": "503 Iowa Avenue",
    "city": "Mott",
    "state": "ND",
    "zip": "58646",
    "phone": null,
    "fax": null,
    "email": null,
    "website": "http://www.freefood.org/",
    "hours": null,
    "description": null,
    "requirements": null,
    "scraped_at": "2025-11-02T14:48:27.936749",
    "latitude": 46.3760015,
    "longitude": -102.3221091,
    "geocoded_address": "503, Iowa Avenue, Mott, Hettinger County, North Dakota, 58646, United States of America"
  },
  {
    "url": "https://www.foodpantries.org/li/nd_58784_mountrail-community-food-pantry",
    "name": "Mountrail Community Food Pantry",
    "address": "18 2nd Ave SE",
    "city": "Stanley",
    "state": "ND",
    "zip": "58784",
    "phone": "(701) 628-2925",
    "fax": null,
    "email": null,
    "website": "http://www.freefood.org/",
    "hours": "Monday12:30pm - 3:00pmExcept legal holidays. Please be there by 2:30 so our volunteers can head home at 3:00pm. Located in the Memorial Building in Stanley.  Please use doors by the flagpole. Serving all of Mountrail County. For more information, please call. \nCounty or Counties Served: Mountrail",
    "description": null,
    "requirements": null,
    "scraped_at": "2025-11-02T14:48:30.110771",
    "latitude": 48.3173677,
    "longitude": -102.3883503,
    "geocoded_address": "2nd Avenue Southeast, Stanley, Mountrail County, North Dakota, United States of America"
  },
  {
    "url": "https://www.foodpantries.org/li/mountrail-co-food-pantry",
    "name": "Mountrail County - Food Pantry",
    "address": "18 2nd Ave SE",
    "city": "Stanley",
    "state": "ND",
    "zip": "58784",
    "phone": null,
    "fax": "(701) 628-3175",
    "email": null,
    "website": "http://www.freefood.org/",
    "hours": "Monday 12:30pm - 3:00pm Except legal holidays. Please be there by 2:30 so our volunteers can head home at 3:00pm.  Located in the Memorial Building in Stanley. Please use doors by the flagpole. Serving all of Mountrail County.  For more information, please call.  \nGo To Details Page For More Information",
    "description": null,
    "requirements": null,
    "scraped_at": "2025-11-02T14:48:32.791500",
    "latitude": 48.3173677,
    "longitude": -102.3883503,
    "geocoded_address": "2nd Avenue Southeast, Stanley, Mountrail County, North Dakota, United States of America"
  },
  {
    "url": "https://www.foodpantries.org/li/Mountrail_County_Food_Pantry",
    "name": "Mountrail County Food Pantry",
    "address": "18 2nd Avenue SE",
    "city": "Stanley",
    "state": "ND",
    "zip": "58784",
    "phone": "(701) 628-1020",
    "fax": null,
    "email": null,
    "website": "http://www.freefood.org/",
    "hours": "Monday 12:30pm - 3:00pm Except legal holidaysFor more information, please call. \nCounty or Counties Served: Mountrail",
    "description": null,
    "requirements": null,
    "scraped_at": "2025-11-02T14:48:37.426509",
    "latitude": 48.3173677,
    "longitude": -102.3883503,
    "geocoded_address": "2nd Avenue Southeast, Stanley, Mountrail County, North Dakota, United States of America"
  },
  {
    "url": "https://www.foodpantries.org/li/Dakota_Prairie_Caa_Langdon_Food_Pantry",
    "name": "Dakota Prairie CAA Langdon Food Pantry",
    "address": "901 3rd Street Suite 17",
    "city": "Langdon",
    "state": "ND",
    "zip": "58249",
    "phone": "(701) 256-3822",
    "fax": null,
    "email": null,
    "website": "http://www.freefood.org/",
    "hours": "Wednesday: 2:00 pm to 4:00 pm\nGo To Details Page For More Information",
    "description": null,
    "requirements": null,
    "scraped_at": "2025-11-02T14:48:39.849179",
    "latitude": 48.7605902,
    "longitude": -98.3678245,
    "geocoded_address": "Langdon, Cavalier County, North Dakota, United States of America",
    "note": "Geocoded to city center (exact address not found)"
  },
  {
    "url": "https://www.foodpantries.org/li/nd_langdon_food-distribution-center-cavalier-county-em",
    "name": "Cavalier County Emergency Food Pantry",
    "address": "211 8th Avenue",
    "city": "Langdon",
    "state": "ND",
    "zip": "58249",
    "phone": "(701) 256-2175",
    "fax": null,
    "email": null,
    "website": "http://www.freefood.org/",
    "hours": "Wednesday: 2:00 pm to 4:00 pm\r\n                                    \r\n                                    County or Counties Served: Cavalier",
    "description": null,
    "requirements": null,
    "scraped_at": "2025-11-02T14:48:44.403397",
    "latitude": 48.760263,
    "longitude": -98.367016,
    "geocoded_address": "211, 8th Avenue, Langdon, Cavalier County, North Dakota, 58249, United States of America"
  },
  {
    "url": "https://www.foodpantries.org/li/emmon-country-food-pantry",
    "name": "Emmon Country Food Pantry",
    "address": "118 South Broadway",
    "city": "Linton",
    "state": "ND",
    "zip": "58552",
    "phone": null,
    "fax": null,
    "email": null,
    "website": "http://www.freefood.org/",
    "hours": "Wednesday 11:00am to 1:00pm There is not a direct phone number for the pantry.",
    "description": null,
    "requirements": null,
    "scraped_at": "2025-11-02T14:48:47.381660",
    "latitude": 46.2665887,
    "longitude": -100.2329787,
    "geocoded_address": "118, South Broadway Street, Linton, Emmons County, North Dakota, 58552, United States of America"
  },
  {
    "url": "https://www.foodpantries.org/li/salvation_army-marmarth_58643",
    "name": "Salvation Army-Marmarth",
    "address": "202 N. Main",
    "city": "Marmarth",
    "state": "ND",
    "zip": "58643",
    "phone": null,
    "fax": null,
    "email": null,
    "website": "http://www.freefood.org/",
    "hours": null,
    "description": null,
    "requirements": null,
    "scraped_at": "2025-11-02T14:48:50.062717",
    "latitude": 46.293169,
    "longitude": -103.9209537,
    "geocoded_address": "Main Street, Marmarth, Slope County, North Dakota, 58643, United States of America"
  },
  {
    "url": "https://www.foodpantries.org/li/red_river_valley_community_action_58203",
    "name": "Red River Valley Community Action",
    "address": "4823 120th Ave North",
    "city": "Michigan",
    "state": "ND",
    "zip": "58259",
    "phone": "(701) 259-2225",
    "fax": "(701) 259-2319",
    "email": null,
    "website": "http://www.rrvca.com",
    "hours": "Monday and Wednesday9:00am - 12:00pm For more information, please call.\nCounty or Counties Served: Nelson",
    "description": null,
    "requirements": null,
    "scraped_at": "2025-11-02T14:48:53.522524"
  },
  {
    "url": "https://www.foodpantries.org/li/red_river_valley_community_action_58259",
    "name": "Red River Valley Community Action",
    "address": "322 State Ave S",
    "city": "Michigan",
    "state": "ND",
    "zip": "58259",
    "phone": null,
    "fax": null,
    "email": null,
    "website": "http://www.freefood.org/",
    "hours": "Monday and Wednesday 9:00am - 12:00pm  For more information, please call. \nGo To Details Page For More Information",
    "description": null,
    "requirements": null,
    "scraped_at": "2025-11-02T14:49:01.910985",
    "latitude": 48.0237653,
    "longitude": -98.1235095,
    "geocoded_address": "Michigan City, Nelson County, North Dakota, United States of America",
    "note": "Geocoded to city center (exact address not found)"
  },
  {
    "url": "https://www.foodpantries.org/li/nd_58782_sherwood-shares-food-pantry",
    "name": "Sherwood Shares Food Pantry",
    "address": "121 Main St",
    "city": "Sherwood",
    "state": "ND",
    "zip": "58782",
    "phone": "(701) 389-0920",
    "fax": null,
    "email": null,
    "website": "http://www.freefood.org/",
    "hours": "Third Wednesday of the month 1:00pm - 2:30pm \nCounty or Counties Served: Renville",
    "description": null,
    "requirements": null,
    "scraped_at": "2025-11-02T14:49:08.056393",
    "latitude": 48.9591457,
    "longitude": -101.6326126,
    "geocoded_address": "121, Main Street, Sherwood, Renville County, North Dakota, 58782, United States of America"
  },
  {
    "url": "https://www.foodpantries.org/li/sherwood_food_pantry_58782",
    "name": "Sherwood Food Pantry",
    "address": "10750 35th Avenue NW",
    "city": "Sherwood",
    "state": "ND",
    "zip": "58782",
    "phone": null,
    "fax": null,
    "email": null,
    "website": "http://www.freefood.org/",
    "hours": "Third Wednesday of the month 1:00pm - 2:30pm   \nGo To Details Page For More Information",
    "description": null,
    "requirements": null,
    "scraped_at": "2025-11-02T14:49:11.257448",
    "latitude": 48.9600187,
    "longitude": -101.632661,
    "geocoded_address": "Sherwood, Renville County, North Dakota, United States of America",
    "note": "Geocoded to city center (exact address not found)"
  },
  {
    "url": "https://www.foodpantries.org/li/parshall_food_pantry_58770",
    "name": "Parshall Food Pantry",
    "address": "104 S. Main Street",
    "city": "Parshall",
    "state": "ND",
    "zip": "58770",
    "phone": null,
    "fax": null,
    "email": null,
    "website": "http://www.freefood.org/",
    "hours": "Monday 12:30pm - 3:00pm Except legal holidays  For more information, please call.  \nGo To Details Page For More Information",
    "description": null,
    "requirements": null,
    "scraped_at": "2025-11-02T14:49:15.173545",
    "latitude": 47.9520143,
    "longitude": -102.1335315,
    "geocoded_address": "104, Main Street South, Parshall, Parshall Segment, Mountrail County, North Dakota, 58770, United States of America"
  },
  {
    "url": "https://www.foodpantries.org/li/nd_powers-lake_powers-lake-food-pantry",
    "name": "Powers Lake Food Pantry",
    "address": "201 1st Avenue W",
    "city": "Powers Lake",
    "state": "ND",
    "zip": "58773",
    "phone": "(701) 339-9882",
    "fax": null,
    "email": null,
    "website": "http://www.freefood.org/",
    "hours": "3rd Wednesday of every month from 3:30 pm to 5:00 pm, or as needed.\r\n                                    \r\n                                    County or Counties Served: Burke",
    "description": null,
    "requirements": null,
    "scraped_at": "2025-11-02T14:49:18.086278",
    "latitude": 48.561881,
    "longitude": -102.64868,
    "geocoded_address": "201, 1st Avenue West, Powers Lake, Burke County, North Dakota, 58773, United States of America"
  },
  {
    "url": "https://www.foodpantries.org/li/Tioga_Food_Pantry",
    "name": "Tioga Food Pantry",
    "address": "313 S. Torning",
    "city": "Tioga",
    "state": "ND",
    "zip": "58852",
    "phone": null,
    "fax": null,
    "email": null,
    "website": "http://www.freefood.org/",
    "hours": "3rd Wednesday of every month from 3:30 pm to 5:00 pm, or as needed.\nGo To Details Page For More Information",
    "description": null,
    "requirements": null,
    "scraped_at": "2025-11-02T14:49:20.549567",
    "latitude": 48.3986397,
    "longitude": -102.9408188,
    "geocoded_address": "Torning Street North, Tioga, Williams County, North Dakota, 58852, United States of America"
  },
  {
    "url": "https://www.foodpantries.org/li/nd_58849_ray-community-nutrition-resource-center",
    "name": "Ray Community Nutrition & Resource Center",
    "address": "10 Main Street",
    "city": "Ray",
    "state": "ND",
    "zip": "58849",
    "phone": "(701) 568-2796",
    "fax": null,
    "email": null,
    "website": "http://www.freefood.org/",
    "hours": "Tuesdays 5:30pm - 6:30pm, by appointment. Location:Distribution of food items can be picked up at the back door of the clinic (Ray Family Medical Center).",
    "description": null,
    "requirements": null,
    "scraped_at": "2025-11-02T14:49:23.369696",
    "latitude": 48.3428938,
    "longitude": -103.165501,
    "geocoded_address": "10, Main Street, Ray, Williams County, North Dakota, 58849, United States of America"
  },
  {
    "url": "https://www.foodpantries.org/li/community_action_and_development_program_58801",
    "name": "Community Action and Development Program",
    "address": "120 Washington Avenue",
    "city": "Williston",
    "state": "ND",
    "zip": "58801",
    "phone": null,
    "fax": null,
    "email": null,
    "website": "http://www.freefood.org/",
    "hours": "The 1st Tuesday of the month \r\n5:00pm - 7:00pm \r\nThe 3rd Tuesday of the month \r\n2:00pm - 4:00pm \r\n \r\nFor More information Contact us \r\nGo To Details Page For More Information",
    "description": null,
    "requirements": null,
    "scraped_at": "2025-11-02T14:49:26.947200",
    "latitude": 48.1446296,
    "longitude": -103.6244161,
    "geocoded_address": "120, Washington Avenue, Williston, Williams County, North Dakota, 58801, United States of America"
  },
  {
    "url": "https://www.foodpantries.org/li/dpcaa_rolla_food_pantry_58367",
    "name": "DPCAA Rolla Food Pantry",
    "address": "8 SE 2nd Street",
    "city": "Rolla",
    "state": "ND",
    "zip": "58367",
    "phone": "(701) 477-6188",
    "fax": null,
    "email": null,
    "website": "http://www.freefood.org/",
    "hours": null,
    "description": null,
    "requirements": null,
    "scraped_at": "2025-11-02T14:49:30.443235",
    "latitude": 48.859581,
    "longitude": -99.6138679,
    "geocoded_address": "8, 2nd Street Southeast, Rolla, Rolette County, North Dakota, 58367, United States of America"
  },
  {
    "url": "https://www.foodpantries.org/li/Dpcaa_Rolla_Food_Pantry",
    "name": "Dpcaa Rolla Food Pantry",
    "address": "1104 Hwy 5 West  Po Box 1026",
    "city": "Rolls",
    "state": "ND",
    "zip": "58367",
    "phone": null,
    "fax": null,
    "email": null,
    "website": "http://www.freefood.org/",
    "hours": null,
    "description": null,
    "requirements": null,
    "scraped_at": "2025-11-02T14:49:33.325418",
    "latitude": 45.0415555,
    "longitude": -93.2066425,
    "geocoded_address": "Rolls Road, New Brighton, Ramsey County, Minnesota, 55112, United States of America",
    "note": "Geocoded to city center (exact address not found)"
  },
  {
    "url": "https://www.foodpantries.org/li/Pierce_County_Food_Pantry",
    "name": "Pierce County Food Pantry",
    "address": "1011 S Main",
    "city": "Rugby",
    "state": "ND",
    "zip": "58368",
    "phone": null,
    "fax": null,
    "email": null,
    "website": "http://www.freefood.org/",
    "hours": null,
    "description": null,
    "requirements": null,
    "scraped_at": "2025-11-02T14:49:37.899667",
    "latitude": 48.3607826,
    "longitude": -99.9953455,
    "geocoded_address": "1011, South Main Avenue, Rugby, Pierce County, North Dakota, 58368, United States of America"
  },
  {
    "url": "https://www.foodpantries.org/li/pierce_county_food_pantry_58368",
    "name": "Pierce County Food Pantry",
    "address": "301 7th Avenue SE",
    "city": "Rugby",
    "state": "ND",
    "zip": "58368",
    "phone": null,
    "fax": null,
    "email": null,
    "website": "http://www.freefood.org/",
    "hours": null,
    "description": null,
    "requirements": null,
    "scraped_at": "2025-11-02T14:49:42.340236",
    "latitude": 48.367565,
    "longitude": -99.985219,
    "geocoded_address": "301, 7th Avenue Southeast, Rugby, Pierce County, North Dakota, 58368, United States of America"
  },
  {
    "url": "https://www.foodpantries.org/li/family_worship_center_food_pantry_58103",
    "name": "Family Worship Center Food Pantry",
    "address": "1733 17th Street",
    "city": "S Fargo",
    "state": "ND",
    "zip": "58103",
    "phone": null,
    "fax": null,
    "email": null,
    "website": "http://www.freefood.org/",
    "hours": "Every Tuesday (weather permitting) 3:30pm to 5:00pm.  Notes:  First come, first served Patrons may choose their own food \nGo To Details Page For More Information",
    "description": null,
    "requirements": null,
    "scraped_at": "2025-11-02T14:49:44.805134",
    "latitude": 46.8526693,
    "longitude": -96.8092127,
    "geocoded_address": "1733, 17th Street South, South High, Fargo, Cass County, North Dakota, 58103, United States of America"
  },
  {
    "url": "https://www.foodpantries.org/li/kidder_county_food_pantry_and_farm_aid_foods_58482",
    "name": "Kidder County Food Pantry",
    "address": "2855 29th Ave SE",
    "city": "Steele",
    "state": "ND",
    "zip": "58482",
    "phone": null,
    "fax": null,
    "email": null,
    "website": "http://www.freefood.org/",
    "hours": null,
    "description": null,
    "requirements": null,
    "scraped_at": "2025-11-02T14:49:47.783897",
    "latitude": 46.8547446,
    "longitude": -99.9155172,
    "geocoded_address": "Steele, Kidder County, North Dakota, 58482, United States of America",
    "note": "Geocoded to city center (exact address not found)"
  },
  {
    "url": "https://www.foodpantries.org/li/richland-wilkin_food_pantry_58075",
    "name": "Richland-Wilkin Food Pantry",
    "address": "207 North 11th Street",
    "city": "Wahpeton",
    "state": "ND",
    "zip": "58075",
    "phone": null,
    "fax": null,
    "email": null,
    "website": "http://www.freefood.org/",
    "hours": null,
    "description": null,
    "requirements": null,
    "scraped_at": "2025-11-02T14:49:51.914536",
    "latitude": 46.2652555,
    "longitude": -96.6159828,
    "geocoded_address": "207, 11th Street North, Wahpeton, Richland County, North Dakota, 58075, United States of America"
  },
  {
    "url": "https://www.foodpantries.org/li/inspiration-church",
    "name": "Inspiration Church Rubys Pantry",
    "address": "1130 Main Street",
    "city": "Breckenridge",
    "state": "MN",
    "zip": "56520",
    "phone": "(651) 674-0009",
    "fax": "(651) 674-0202",
    "email": null,
    "website": "http://www.freefood.org/",
    "hours": null,
    "description": null,
    "requirements": null,
    "scraped_at": "2025-11-02T14:49:54.742524",
    "latitude": 46.2833402,
    "longitude": -96.5907622,
    "geocoded_address": "1130, Main Street, Breckenridge, Wilkin County, Minnesota, 56520, United States of America"
  },
  {
    "url": "https://www.foodpantries.org/li/food-shelf",
    "name": "Food Shelf",
    "address": "110 Front St N",
    "city": "Barnesville",
    "state": "MN",
    "zip": "56514",
    "phone": "(218) 354-7207",
    "fax": null,
    "email": null,
    "website": "http://www.freefood.org/",
    "hours": "Monday and Thursday \r\n9:00am and 4:00pm \r\nVisits are limited to one per month. \r\n \r\nFor more information, please call.",
    "description": null,
    "requirements": null,
    "scraped_at": "2025-11-02T14:49:57.229118",
    "latitude": 46.6535632,
    "longitude": -96.419927,
    "geocoded_address": "110, Front Street North, Barnesville, Clay County, Minnesota, 56514, United States of America"
  },
  {
    "url": "https://www.foodpantries.org/li/barnesville_area_food_pantry",
    "name": "Barnesville Area Food Pantry",
    "address": "110 Front Street",
    "city": "Barnesville",
    "state": "MN",
    "zip": "56514",
    "phone": "(218) 354-7207",
    "fax": null,
    "email": null,
    "website": "http://www.freefood.org/",
    "hours": "Monday and Thursday \r\n9:00am and 4:00pm \r\nVisits are limited to one per month. \r\n \r\nFor more information, please call.",
    "description": null,
    "requirements": null,
    "scraped_at": "2025-11-02T14:49:59.885264",
    "latitude": 46.6535632,
    "longitude": -96.419927,
    "geocoded_address": "110, Front Street North, Barnesville, Clay County, Minnesota, 56514, United States of America"
  },
  {
    "url": "https://www.foodpantries.org/li/Mckenzie_County_Food_Pantry",
    "name": "Mckenzie County Food Pantry - The First Lutheran Curch of Watford City",
    "address": "212 2nd Street NW",
    "city": "Watford City",
    "state": "ND",
    "zip": "58854",
    "phone": "(701) 444-3451",
    "fax": null,
    "email": null,
    "website": "http://www.freefood.org/",
    "hours": "The 1st Tuesday of the month\r\n5:00pm - 7:00pm\r\nThe 3rd Tuesday of the month\r\n2:00pm - 4:00pm\n\r\nFor More information Contact us",
    "description": null,
    "requirements": null,
    "scraped_at": "2025-11-02T14:50:03.320810",
    "latitude": 47.8027359,
    "longitude": -103.2844986,
    "geocoded_address": "212, 2nd Street Northwest, Watford City, McKenzie County, North Dakota, 58854, United States of America"
  },
  {
    "url": "https://www.foodpantries.org/li/All_Nations_Food_Pantry",
    "name": "All Nations Food Pantry",
    "address": "108 3rd St E",
    "city": "West Fargo",
    "state": "ND",
    "zip": "58078",
    "phone": "(701) 356-0602",
    "fax": null,
    "email": null,
    "website": "http://www.freefood.org/",
    "hours": "Monday: 2:00 pm - 4:00 pm \u00a0Wednesday: 2:00 pm - 4:00 pm  \nGo To Details Page For More Information",
    "description": null,
    "requirements": null,
    "scraped_at": "2025-11-02T14:50:06.800903",
    "latitude": 46.8755436,
    "longitude": -96.896085,
    "geocoded_address": "108, 3rd Street East, Sukut's, West Fargo, Cass County, North Dakota, 58078, United States of America"
  },
  {
    "url": "https://www.foodpantries.org/li/holy_cross_daily_bread_58078",
    "name": "Holy Cross",
    "address": "2711 7th Street East",
    "city": "West Fargo",
    "state": "ND",
    "zip": "58078",
    "phone": "(701) 282-7217",
    "fax": "(701) 282-2753",
    "email": null,
    "website": "http://www.freefood.org/",
    "hours": "Monday: 2:00 pm - 4:00 pm \u00a0Wednesday: 2:00 pm - 4:00 pm  \nGo To Details Page For More Information",
    "description": null,
    "requirements": null,
    "scraped_at": "2025-11-02T14:50:10.007583",
    "latitude": 46.8521455,
    "longitude": -96.8924708,
    "geocoded_address": "7th Street East, South Charleswood, West Fargo, Cass County, North Dakota, 58122, United States of America"
  },
  {
    "url": "https://www.foodpantries.org/li/west-fargo-dorothy-day-food-pantry",
    "name": "West Fargo - Dorothy Day Food Pantry",
    "address": "45 21st Ave E.",
    "city": "West Fargo",
    "state": "ND",
    "zip": "58078",
    "phone": "(218) 656-7495",
    "fax": null,
    "email": null,
    "website": "http://www.freefood.org/",
    "hours": "Monday: 2:00 pm - 4:00 pm\u00a0Wednesday: 2:00 pm - 4:00 pm\nCounty or Counties Served: Cass",
    "description": null,
    "requirements": null,
    "scraped_at": "2025-11-02T14:50:12.401372",
    "latitude": 46.8472222,
    "longitude": -96.9019905,
    "geocoded_address": "45, 21st Avenue East, Dolls, West Fargo, Cass County, North Dakota, 58078, United States of America"
  },
  {
    "url": "https://www.foodpantries.org/li/wishek_food_pantry_58495",
    "name": "Wishek Food Pantry",
    "address": "106 N. 10th Street",
    "city": "Wishek",
    "state": "ND",
    "zip": "58495",
    "phone": null,
    "fax": null,
    "email": null,
    "website": "http://www.freefood.org/",
    "hours": null,
    "description": null,
    "requirements": null,
    "scraped_at": "2025-11-02T14:50:14.950041",
    "latitude": 46.2600588,
    "longitude": -99.5520028,
    "geocoded_address": "10th Street, Wishek, McIntosh County, North Dakota, 58495, United States of America"
  }
]