[
  {
    "url": "https://www.foodpantries.org/li/senior-center-boulder-city-inc",
    "name": "Senior Center-Boulder City Inc",
    "address": "813 Arizona Street",
    "city": "Boulder City",
    "state": "NV",
    "zip": "89005",
    "phone": "(702) 293-3320",
    "fax": "(702) 293-5628",
    "email": null,
    "website": "http://www.freefood.org/",
    "hours": "Monday and Thursday9:00am to 3:00pmFriday10:00am to 2:00pmThe pantry is funded by a grant from the US Department of Health and Human Services.  SCBC partnered with Boulder City's Emergency Aid.  SCBC's focus will be on seniors, while Emergency Aid is helping all members of the community. For more information, please call. \nCounty or Counties Served: Clark",
    "description": null,
    "requirements": "Low Income Families with Youth HIV SNAP/WIC TEFAP  \nGo To Details Page For More Information",
    "scraped_at": "2025-10-31T21:48:17.980404",
    "latitude": 35.9782483,
    "longitude": -114.8322185,
    "geocoded_address": "813, Arizona Street, Boulder City, Clark County, Nevada, 89005, United States of America"
  },
  {
    "url": "https://www.foodpantries.org/li/34-pantry",
    "name": "34 Pantry",
    "address": "571 Adams Blvd.",
    "city": "Boulder City",
    "state": "NV",
    "zip": "89005",
    "phone": "(702) 293-7773",
    "fax": null,
    "email": null,
    "website": "http://bcfoursquare.org",
    "hours": "Monday and Thursday 9:00am to 3:00pm Friday 10:00am to 2:00pm The pantry is funded by a grant from the US Department of Health and Human Services. SCBC partnered with Boulder City's E\nGo To Details Page For More Information",
    "description": null,
    "requirements": "Low Income Families with Youth HIV SNAP/WIC TEFAP  \nGo To Details Page For More Information",
    "scraped_at": "2025-10-31T21:48:20.433846",
    "latitude": 35.9692049,
    "longitude": -114.8265581,
    "geocoded_address": "571, Adams Boulevard, Boulder City, Clark County, Nevada, 89005, United States of America"
  },
  {
    "url": "https://www.foodpantries.org/li/nv_henderson_our-saviors-lutheran-church-food-pantry",
    "name": "Our Saviors Lutheran Church Food Pantry",
    "address": "59 Lynn Lane",
    "city": "Henderson",
    "state": "NV",
    "zip": "89015",
    "phone": "(702) 565-9154",
    "fax": null,
    "email": null,
    "website": "http://www.freefood.org/",
    "hours": "Monday, Wednesday, Friday: 12:30 pm to 2:00 pmWednesday Evening: 4:00 pm to 7:00 pm\r\n                                    \r\n                                    County or Counties Served: Clark",
    "description": null,
    "requirements": "Low Income Families with Youth HIV SNAP/WIC TEFAP  \nGo To Details Page For More Information",
    "scraped_at": "2025-10-31T21:48:22.943589",
    "latitude": 36.02812,
    "longitude": -114.9832356,
    "geocoded_address": "Our Savior Lutheran Church, 59, Lynn Lane, Water Street District, Henderson, Clark County, Nevada, 89015, United States of America"
  },
  {
    "url": "https://www.foodpantries.org/li/nv_henderson_st-pauls-cec-food-pantry",
    "name": "St. Paul's CEC Food distribution",
    "address": "201 Taylor Street",
    "city": "Henderson",
    "state": "NV",
    "zip": "89015",
    "phone": "(702) 856-0388",
    "fax": null,
    "email": null,
    "website": "http://www.freefood.org/",
    "hours": "Every 1st and 3rd Tuesday of the month from 4:00pm until the food runs out.\nCounty or Counties Served: Clark",
    "description": null,
    "requirements": "Low Income Families with Youth HIV SNAP/WIC TEFAP  \nGo To Details Page For More Information",
    "scraped_at": "2025-10-31T21:48:25.227179",
    "latitude": 36.0429911,
    "longitude": -114.9816981,
    "geocoded_address": "Taylor Street, Henderson, Clark County, Nevada, 89015, United States of America"
  },
  {
    "url": "https://www.foodpantries.org/li/nv_henderson_the-salvation-army-henderson-food-pantry",
    "name": "The Salvation Army Henderson United Corps",
    "address": "830 E Lake Mead Parkway",
    "city": "Henderson",
    "state": "NV",
    "zip": "89015",
    "phone": "(702) 565-9578",
    "fax": null,
    "email": null,
    "website": "http://www.freefood.org/",
    "hours": "Tuesdays and Thursdays from 9:30am to 11:00am. \nCounty or Counties Served: Clark",
    "description": null,
    "requirements": "Low Income Families with Youth HIV SNAP/WIC TEFAP  \nGo To Details Page For More Information",
    "scraped_at": "2025-10-31T21:48:27.703711",
    "latitude": 36.0484099,
    "longitude": -114.9723978,
    "geocoded_address": "East Lake Mead Parkway, Cadence, Henderson, Clark County, Nevada, 89015, United States of America"
  },
  {
    "url": "https://www.foodpantries.org/li/nv_89014_henderson-equality-center",
    "name": "Henderson Equality Center Food Pantry",
    "address": "1490 Sunset Road",
    "city": "Henderson",
    "state": "NV",
    "zip": "89014",
    "phone": "(855) 955-5428",
    "fax": null,
    "email": null,
    "website": "http://www.freefood.org/",
    "hours": "Walk-ins available Tuesday through Friday, anytime between 2:00pm and 6:00pmDelivery is also available Thursday between 9:00am to 3:00pm.Requirements:Low IncomeFamilies with YouthHIVSNAP/WICTEFAP\nVolunteering Information:Volunteers may apply at https://hendersonequalitycenter.org. \nCounty or Counties Served: Clark",
    "description": null,
    "requirements": "Low IncomeFamilies with YouthHIVSNAP/WICTEFAP\nVolunteering Information:Volunteers may apply at https://hendersonequalitycenter.org. \nCounty or Counties Served: Clark",
    "scraped_at": "2025-10-31T21:48:30.704771",
    "latitude": 36.0641733,
    "longitude": -115.0495901,
    "geocoded_address": "Henderson Equality Center, 1490, West Sunset Road, Whitney Ranch, Henderson, Clark County, Nevada, 89014, United States of America"
  },
  {
    "url": "https://www.foodpantries.org/li/nv_89120_sunrise-mountain-ministries-food-pantry",
    "name": "Sunrise Mountain Ministries - Food Pantry",
    "address": "5670 S Pecos Rd",
    "city": "Las Vegas",
    "state": "NV",
    "zip": "89120",
    "phone": "(702) 435-9500",
    "fax": null,
    "email": null,
    "website": "http://www.freefood.org/",
    "hours": "Tuesday and Friday 10:00 am - 2:00 pmFor more information, please call.\nVolunteering Information:Please contact us at sunrisemtnmin@gmail.com to volunteer in our pantry. \nCounty or Counties Served: Clark",
    "description": null,
    "requirements": "Photo ID, for children you can bring Birth Certificates, immunization records, school photo ID. Proof of Address Visits are limited to once per month. For more information, please call. \nGo To Details Page For More Information",
    "scraped_at": "2025-10-31T21:48:33.255564",
    "latitude": 36.1588369,
    "longitude": -115.101198,
    "geocoded_address": "North Pecos Road, Downtown East, Las Vegas, Clark County, Nevada, 89104, United States of America"
  },
  {
    "url": "https://www.foodpantries.org/li/iglesia-ministerio-cristiano-misericordia-y-verdad",
    "name": "Iglesia Ministerio Cristiano Misericordia y Verdad",
    "address": "3421 E Tropicana Ave.",
    "city": "Las Vegas",
    "state": "NV",
    "zip": "89121",
    "phone": "(702) 610-7190",
    "fax": null,
    "email": null,
    "website": "http://www.freefood.org/",
    "hours": "4th Sunday of each month from 12:00pm to 2:00pm  \nGo To Details Page For More Information",
    "description": null,
    "requirements": "Photo ID, for children you can bring Birth Certificates, immunization records, school photo ID. Proof of Address Visits are limited to once per month. For more information, please call. \nGo To Details Page For More Information",
    "scraped_at": "2025-10-31T21:48:36.485027",
    "latitude": 36.0998447,
    "longitude": -115.1000528,
    "geocoded_address": "7-Eleven, 3421, East Tropicana Avenue, Las Vegas, Clark County, Nevada, 89121, United States of America"
  },
  {
    "url": "https://www.foodpantries.org/li/nv_las-vegas_paradise-seventh-day-adventist-church-pantry",
    "name": "Paradise SAD Church - Food and Clothing Pantry",
    "address": "4575 S Sandhill Road",
    "city": "Las Vegas",
    "state": "NV",
    "zip": "89121",
    "phone": "(702) 433-4703",
    "fax": "(702) 434-1413",
    "email": null,
    "website": "http://www.freefood.org/",
    "hours": "4th Sunday of each month from 12:00pm to 2:00pm\nCounty or Counties Served: Clark",
    "description": null,
    "requirements": "Photo ID, for children you can bring Birth Certificates, immunization records, school photo ID. Proof of Address Visits are limited to once per month. For more information, please call. \nGo To Details Page For More Information",
    "scraped_at": "2025-10-31T21:48:39.281915",
    "latitude": 36.1524499,
    "longitude": -115.0922424,
    "geocoded_address": "South Sandhill Road, Clark County, Nevada, 89104, United States of America"
  },
  {
    "url": "https://www.foodpantries.org/li/jewish-familily-service-agency",
    "name": "Jewish Familily Service Agency",
    "address": "4794 S. Eastern Ave.",
    "city": "Las Vegas",
    "state": "NV",
    "zip": "89119",
    "phone": "(702) 732-0304",
    "fax": "(702) 794-2033",
    "email": null,
    "website": "http://www.jfsalv.org",
    "hours": "Mondays\r\n9:30am - 12:00pm\r\nWednesday\r\n10:30am -1:00pm\r\nFriday\r\n9:30am - 12:00pm\r\nFood pantry is open by appointment only.\r\nFor more information, please call, Monday through Friday 9:00am - 5:00pm.",
    "description": null,
    "requirements": "Please bring a identification card and other supporting documentation",
    "scraped_at": "2025-10-31T21:48:41.936469",
    "latitude": 36.1442943,
    "longitude": -115.1189055,
    "geocoded_address": "South Eastern Avenue, Huntridge, Las Vegas, Clark County, Nevada, 89104, United States of America"
  },
  {
    "url": "https://www.foodpantries.org/li/jewish-family-service-agency",
    "name": "Jewish Family Service Agency",
    "address": "4794 S. Eastern Ave.",
    "city": "Las Vegas",
    "state": "NV",
    "zip": "89119",
    "phone": "(702) 732-0304",
    "fax": "(702) 794-2033",
    "email": null,
    "website": "http://www.jfsalv.org",
    "hours": "Monday - Friday  9:00 a.m. - 11:30 a.m.Is closed for most major holidays.Requirements:Photo ID, for children you can bring Birth Certificates, immunization records, school photo ID.Proof of AddressVisits are limited to once per month. For more information, please call. \nVolunteering Information:https://www.jfsalv.org/volunteer \nCounty or Counties Served: Clark",
    "description": null,
    "requirements": "Photo ID, for children you can bring Birth Certificates, immunization records, school photo ID.Proof of AddressVisits are limited to once per month. For more information, please call. \nVolunteering Information:https://www.jfsalv.org/volunteer \nCounty or Counties Served: Clark",
    "scraped_at": "2025-10-31T21:48:44.456390",
    "latitude": 36.1442943,
    "longitude": -115.1189055,
    "geocoded_address": "South Eastern Avenue, Huntridge, Las Vegas, Clark County, Nevada, 89104, United States of America"
  },
  {
    "url": "https://www.foodpantries.org/li/healthy-communities-coalition",
    "name": "Healthy Communities Coalition",
    "address": "209 Dayton Valley Road",
    "city": "Dayton",
    "state": "NV",
    "zip": "89403",
    "phone": "(775) 246-7550",
    "fax": "(775) 246-7553",
    "email": null,
    "website": "http://www.freefood.org/",
    "hours": "Sunday 8:00am - 9:00am  For more information, please call.   \nGo To Details Page For More Information",
    "description": null,
    "requirements": "ID and completion of an intake form. Hours: Sunday 8:00am - 9:00am  For more information, please call.   \nGo To Details Page For More Information",
    "scraped_at": "2025-10-31T21:48:47.090556",
    "latitude": 39.2593851,
    "longitude": -119.5275953,
    "geocoded_address": "209, Dayton Valley Road, Dayton, Lyon County, Nevada, 89403, United States of America"
  },
  {
    "url": "https://www.foodpantries.org/li/carson-valley-community-food-closet",
    "name": "Carson Valley Community Food Closet",
    "address": "1255 Waterloo Lane",
    "city": "Gardnerville",
    "state": "NV",
    "zip": "89410",
    "phone": "(775) 782-3711",
    "fax": "(775) 782-4452",
    "email": null,
    "website": "http://www.freefood.org/",
    "hours": "Monday, Tuesday, Wednesday and Friday12:30pm - 4:00pmFor more information, please call. \nCounty or Counties Served: Douglas",
    "description": null,
    "requirements": null,
    "scraped_at": "2025-10-31T21:48:49.085934",
    "latitude": 38.9249697,
    "longitude": -119.751419,
    "geocoded_address": "1255, Waterloo Lane, Gardnerville Ranchos, Douglas County, Nevada, 89460, United States of America"
  },
  {
    "url": "https://www.foodpantries.org/li/nv_89121_city-mission",
    "name": "City Mission",
    "address": "3983 Desert Inn Rd.",
    "city": "Las Vegas",
    "state": "NV",
    "zip": "89121",
    "phone": "(702) 384-1930",
    "fax": null,
    "email": null,
    "website": "http://www.freefood.org/",
    "hours": "Tuesday - Friday \r\n7:30am - 9:00am\r\nSack lunches handed out Saturdays\r\n 8:00am - 12:00am\n\r\nFood Pantry Bags \r\nTuesday\r\n 7:30am\u00a0 - 2:00pm\r\nTuesday, Wednesday, Thursday, Friday \r\nSaturday\r\n 10:30am - 11:30am\n\r\nAll donations of time, food, clothing, money and property are very welcome and much appreciated and we thank God for what you give to all the needy\n\r\nFor more information, please call.",
    "description": null,
    "requirements": "Photo ID, for children you can bring Birth Certificates, immunization records, school photo ID. Proof of Address Visits are limited to once per month. For more information, please call. \nGo To Details Page For More Information",
    "scraped_at": "2025-10-31T21:48:51.508497",
    "latitude": 36.1296191,
    "longitude": -115.1758385,
    "geocoded_address": "West Desert Inn Road, Las Vegas, Clark County, Nevada, 89109, United States of America"
  },
  {
    "url": "https://www.foodpantries.org/li/nevada-partnership-for-homeless-youth",
    "name": "Nevada Partnership for Homeless Youth",
    "address": "4981 Shirley Street",
    "city": "Las Vegas",
    "state": "NV",
    "zip": "89119",
    "phone": "(702) 383-1332",
    "fax": null,
    "email": null,
    "website": "http://www.nphy.org",
    "hours": "Monday - Friday  9:00 a.m. - 11:30 a.m. Is closed for most major holidays. Requirements: Photo ID, for children you can bring Birth Certificates, immunization records, school photo ID. Proof of Address Visits are limited to once per month. For more information, please call. \nGo To Details Page For More Information",
    "description": null,
    "requirements": "Photo ID, for children you can bring Birth Certificates, immunization records, school photo ID. Proof of Address Visits are limited to once per month. For more information, please call. \nGo To Details Page For More Information",
    "scraped_at": "2025-10-31T21:48:54.137309",
    "latitude": 36.2797831,
    "longitude": -115.3108718,
    "geocoded_address": "Shirley Poppy Street, Centennial Hills, Las Vegas, Clark County, Nevada, 89149, United States of America"
  },
  {
    "url": "https://www.foodpantries.org/li/lutheran-social-services-of-nevada",
    "name": "Lutheran Social Services of Nevada",
    "address": "4323 Boulder Highway",
    "city": "Las Vegas",
    "state": "NV",
    "zip": "89121",
    "phone": "(702) 639-1730",
    "fax": "(702) 639-1736",
    "email": null,
    "website": "http://www.lssnv.org",
    "hours": "Tuesday and Thursday9:00am to 12:00pm For more information, please call. \nVolunteering Information:https://www.lssnv.org/volunteering-is-good-for-you \nCounty or Counties Served: Clark",
    "description": null,
    "requirements": "Proof of Residence with address dated within 30 days of visit (recent rent receipt, utility bill, etc.) \r\nNevada ID \r\nSocial Security Card \r\nFor Children plea\nGo To Details Page For More Information",
    "scraped_at": "2025-10-31T21:48:56.467358",
    "latitude": 36.1430861,
    "longitude": -115.0986979,
    "geocoded_address": "Boulder Highway, Las Vegas, Clark County, Nevada, 89104, United States of America"
  },
  {
    "url": "https://www.foodpantries.org/li/nv_89101_raising-hope-of-nevada",
    "name": "Raising Hope of Nevada Food Pantry",
    "address": "2528 Sunrise Ave",
    "city": "Las Vegas",
    "state": "NV",
    "zip": "89101",
    "phone": "(702) 530-5337",
    "fax": null,
    "email": null,
    "website": "http://www.freefood.org/",
    "hours": "Monday - Friday Appointment only. \n\r\nFor more information, please call.",
    "description": null,
    "requirements": "Proof of Residence with address dated within 30 days of visit (recent rent receipt, utility bill, etc.) \r\nNevada ID \r\nSocial Security Card \r\nFor Children plea\nGo To Details Page For More Information",
    "scraped_at": "2025-10-31T21:48:58.770458",
    "latitude": 36.1624033,
    "longitude": -115.1152474,
    "geocoded_address": "2528, Sunrise Avenue, Downtown East, Las Vegas, Clark County, Nevada, 89101, United States of America"
  },
  {
    "url": "https://www.foodpantries.org/li/nv_89825_jackpots-helping-hands-food-pantry",
    "name": "Jackpot's Helping Hands Food Pantry",
    "address": "1594 Pond Drive",
    "city": "Jackpot",
    "state": "NV",
    "zip": "89825",
    "phone": "(775) 451-0207",
    "fax": null,
    "email": null,
    "website": "http://www.freefood.org/",
    "hours": "The 2nd & 4th Tuesday1:00 pm - 4:00 pmThe 2nd and 4th Thursdays of the month9:00 am - 12:00 pmFor more information, please call.\nCounty or Counties Served: Elko",
    "description": null,
    "requirements": null,
    "scraped_at": "2025-10-31T21:49:01.356809",
    "latitude": 41.9838732,
    "longitude": -114.673186,
    "geocoded_address": "Jackpot, Elko County, Nevada, 89825, United States of America",
    "note": "Geocoded to city center (exact address not found)"
  },
  {
    "url": "https://www.foodpantries.org/li/las-vegas-rescue-mission",
    "name": "Las Vegas Rescue Mission",
    "address": "480 West Bonanza Road",
    "city": "Las Vegas",
    "state": "NV",
    "zip": "89106",
    "phone": "(702) 382-1766",
    "fax": "(702) 474-7535",
    "email": null,
    "website": "http://www.freefood.org/",
    "hours": "The 2nd & 4th Thursday of each month \r\n10:00am-12:00pm \r\n \r\nFirst time visitors should be prepared to show ID & proof of residency, i.e. power bill, rent receipt or lease agreement with address.  \r\n \r\nFor more information, please call.",
    "description": null,
    "requirements": "Proof of Residence with address dated within 30 days of visit (recent rent receipt, utility bill, etc.) \r\nNevada ID \r\nSocial Security Card \r\nFor Children plea\nGo To Details Page For More Information",
    "scraped_at": "2025-10-31T21:49:04.294943",
    "latitude": 36.1771475,
    "longitude": -115.1661235,
    "geocoded_address": "West Bonanza Road, West Las Vegas, Las Vegas, Clark County, Nevada, 89106, United States of America"
  },
  {
    "url": "https://www.foodpantries.org/li/three-square",
    "name": "Three Square",
    "address": "4190 N Pecos Rd",
    "city": "Las Vegas",
    "state": "NV",
    "zip": "89115",
    "phone": "(702) 644-3663",
    "fax": "(702) 365-6574",
    "email": null,
    "website": "http://www.freefood.org/",
    "hours": "Monday through Thursday 2:00pm until 6:00pm  Requirements:  \u00a0Low Income \u00a0Families with Youth \u00a0HIV \u00a0SNAP/WIC \u00a0TEFAP \nGo To Details Page For More Information",
    "description": null,
    "requirements": "Low Income \u00a0Families with Youth \u00a0HIV \u00a0SNAP/WIC \u00a0TEFAP \nGo To Details Page For More Information",
    "scraped_at": "2025-10-31T21:49:06.766955",
    "latitude": 36.1881448,
    "longitude": -115.0982619,
    "geocoded_address": "North Pecos Road, East Las Vegas, Las Vegas, Clark County, Nevada, 89030, United States of America"
  },
  {
    "url": "https://www.foodpantries.org/li/truth-christian-ministries",
    "name": "TCMI Pantry / Truth Christian Ministries",
    "address": "5101 N Rainbow Blvd",
    "city": "Las Vegas",
    "state": "NV",
    "zip": "89130",
    "phone": "(702) 208-2214",
    "fax": null,
    "email": null,
    "website": "https://tcmipantry.org/",
    "hours": "Saturday 7:00am - 9:00amNotes:Appointments are not required.Closed on HolidaysFor more information, please call. \nVolunteering Information:https://tcmipantry.org/volunteer/ \nCounty or Counties Served: Clark",
    "description": null,
    "requirements": "Proof of ID. To set an appointment. Call during office hours (Mon-Fri between 8 and 5). \nGo To Details Page For More Information",
    "scraped_at": "2025-10-31T21:49:09.287997",
    "latitude": 36.2541669,
    "longitude": -115.244127,
    "geocoded_address": "Truth Christian Ministries Church, 5101, North Rainbow Boulevard, Centennial Hills, Las Vegas, Clark County, Nevada, 89130, United States of America"
  },
  {
    "url": "https://www.foodpantries.org/li/birds-of-the-air-food-pantry-at-epic-church",
    "name": "Birds of the Air Food Pantry at Good Samaritan Church",
    "address": "8425 W Windmill Lane",
    "city": "Las Vegas",
    "state": "NV",
    "zip": "89113",
    "phone": "(702) 883-6605",
    "fax": null,
    "email": null,
    "website": "http://www.freefood.org/",
    "hours": "The 2nd Saturday of the month 8:00am - 9:00am  For more information, please call .  \nGo To Details Page For More Information",
    "description": null,
    "requirements": "Valid ID Proof of Nevada Residence \nGo To Details Page For More Information",
    "scraped_at": "2025-10-31T21:49:12.617409",
    "latitude": 36.1674263,
    "longitude": -115.1484131,
    "geocoded_address": "Las Vegas, Clark County, Nevada, United States of America",
    "note": "Geocoded to city center (exact address not found)"
  },
  {
    "url": "https://www.foodpantries.org/li/birds-of-the-air-food-pantry-at-city-light-vegas-church",
    "name": "Birds of the Air Food Pantry at City Light Vegas Church",
    "address": "8577 W. Warm Springs Road",
    "city": "Las Vegas",
    "state": "NV",
    "zip": "89148",
    "phone": "(702) 904-2827",
    "fax": null,
    "email": null,
    "website": "http://www.freefood.org/",
    "hours": "The 2nd Saturday of the month 8:00am - 9:00am  For more information, please call .  \nGo To Details Page For More Information",
    "description": null,
    "requirements": "Valid ID Proof of Nevada Residence \nGo To Details Page For More Information",
    "scraped_at": "2025-10-31T21:49:16.632556",
    "latitude": 36.0570846,
    "longitude": -115.0996834,
    "geocoded_address": "West Warm Springs Road, Henderson, Clark County, Nevada, 89120, United States of America"
  },
  {
    "url": "https://www.foodpantries.org/li/catholic-charities-las-vegas",
    "name": "Catholic Charities - Hands of Hope",
    "address": "1511 Las Vegas Blvd. N",
    "city": "Las Vegas",
    "state": "NV",
    "zip": "89101",
    "phone": "(702) 387-2291",
    "fax": "(702) 384-0677",
    "email": null,
    "website": "http://www.freefood.org/",
    "hours": "The 2nd & 4th Thursday of each month \r\n10:00am-12:00pm \r\n \r\nFirst time visitors should be prepared to show ID & proof of residency, i.e. power bill, rent receipt or lease agreement with address.  \r\n \r\nFor more information, please call.",
    "description": null,
    "requirements": "Proof of Residence with address dated within 30 days of visit (recent rent receipt, utility bill, etc.)\r\nNevada ID\r\nSocial Security Card\r\nFor Children please bring original birth certificates and social security cards.\n\r\nHours\r\nMonday - Saturday\r\n8:00am to 4:00pm\n\r\nFor more information, please call. \nVolunteering Information:https://www.catholiccharities.com/get-involved/volunteer \nCounty or Counties Served: Clark",
    "scraped_at": "2025-10-31T21:49:19.111005",
    "latitude": 36.186488,
    "longitude": -115.134135,
    "geocoded_address": "1511, North Las Vegas Boulevard, Cultural Corridor, Las Vegas, Clark County, Nevada, 89101, United States of America"
  },
  {
    "url": "https://www.foodpantries.org/li/st-thomas-catholic-church",
    "name": "St. Thomas Catholic Church Food Pantry Las Vegas",
    "address": "101 S Rainbow Blvd",
    "city": "Las Vegas",
    "state": "NV",
    "zip": "89145",
    "phone": "(702) 655-5840",
    "fax": null,
    "email": null,
    "website": "http://stthomascclv.org",
    "hours": "Monday: 10:00 am to 12:00 pm Clients can come in once a month  Location:  Potters Place in the parking lot of Trinity United Methodist Church  Requirements:  Valid ID Proof of Nevada Residence \nGo To Details Page For More Information",
    "description": null,
    "requirements": "Valid ID Proof of Nevada Residence \nGo To Details Page For More Information",
    "scraped_at": "2025-10-31T21:49:22.491074",
    "latitude": 36.1722169,
    "longitude": -115.2431387,
    "geocoded_address": "28, 101, South Rainbow Boulevard, Charleston Preservation, Charleston Heights, Las Vegas, Clark County, Nevada, 89145, United States of America"
  },
  {
    "url": "https://www.foodpantries.org/li/nv_89129_word-of-life-christian-center",
    "name": "Word of Life Christian Center",
    "address": "3520 N. Buffalo Drive",
    "city": "Las Vegas",
    "state": "NV",
    "zip": "89129",
    "phone": "(702) 645-1990",
    "fax": null,
    "email": null,
    "website": "http://www.freefood.org/",
    "hours": "Thursday and FridayBy appointment onlyRequirements: Proof of ID. To set an appointment.Call during office hours (Mon-Fri between 8 and 5).\nCounty or Counties Served: Clark",
    "description": null,
    "requirements": "Proof of ID. To set an appointment.Call during office hours (Mon-Fri between 8 and 5).\nCounty or Counties Served: Clark",
    "scraped_at": "2025-10-31T21:49:26.592516",
    "latitude": 36.2243659,
    "longitude": -115.2604486,
    "geocoded_address": "3520, North Buffalo Drive, Lone Mountain, Las Vegas, Clark County, Nevada, 89129, United States of America"
  },
  {
    "url": "https://www.foodpantries.org/li/manna-cupboard",
    "name": "Manna Cupboard",
    "address": "4925 S Torrey Pines Drive",
    "city": "Las Vegas",
    "state": "NV",
    "zip": "89118",
    "phone": "(702) 871-1904",
    "fax": "(702) 251-4935",
    "email": null,
    "website": "http://www.freefood.org/",
    "hours": "Monday -Thursday10:00am - 12:00pmFor more information, please call.",
    "description": null,
    "requirements": "Valid ID Proof of Nevada Residence \nGo To Details Page For More Information",
    "scraped_at": "2025-10-31T21:49:28.966413",
    "latitude": 36.0984069,
    "longitude": -115.2346845,
    "geocoded_address": "Christ the King Catholic Church, 4925, South Torrey Pines Drive, Las Vegas, Clark County, Nevada, 89118, United States of America"
  },
  {
    "url": "https://www.foodpantries.org/li/grapevine-fellowship",
    "name": "Grapevine Fellowship",
    "address": "800 N Bruce Street",
    "city": "Las Vegas",
    "state": "NV",
    "zip": "89101",
    "phone": "(702) 431-8463",
    "fax": null,
    "email": null,
    "website": "http://gflv.org",
    "hours": "The 2nd & 4th Thursday of each month\r\n10:00am-12:00pm\n\r\nFirst time visitors should be prepared to show ID & proof of residency, i.e. power bill, rent receipt or lease agreement with address.  \n\r\nFor more information, please call.",
    "description": null,
    "requirements": "Proof of Residence with address dated within 30 days of visit (recent rent receipt, utility bill, etc.) \r\nNevada ID \r\nSocial Security Card \r\nFor Children plea\nGo To Details Page For More Information",
    "scraped_at": "2025-10-31T21:49:31.381431",
    "latitude": 36.177652,
    "longitude": -115.125212,
    "geocoded_address": "800, North Bruce Street, Cultural Corridor, Las Vegas, Clark County, Nevada, 89101, United States of America"
  },
  {
    "url": "https://www.foodpantries.org/li/valley-vegas-church-food-distribution",
    "name": "Valley Vegas Church Drive-thru Food Distribution - Food Pantry",
    "address": "4500 West Sahara Avenue",
    "city": "Las Vegas",
    "state": "NV",
    "zip": "89102",
    "phone": "(702) 254-2251",
    "fax": null,
    "email": null,
    "website": "http://www.freefood.org/",
    "hours": "The 2nd Saturday of the month 8:00am - 9:00amFor more information, please call. \nVolunteering Information:https://www.valleyvegas.org/ministries/volunteer \nCounty or Counties Served: Clark",
    "description": null,
    "requirements": "Valid ID Proof of Nevada Residence \nGo To Details Page For More Information",
    "scraped_at": "2025-10-31T21:49:33.868746",
    "latitude": 36.1452079,
    "longitude": -115.2015667,
    "geocoded_address": "Vegas Valley Church, 4500, West Sahara Avenue, Rancho Charleston, Las Vegas, Clark County, Nevada, 89102, United States of America"
  },
  {
    "url": "https://www.foodpantries.org/li/nv_89146_st-thomas-catholic-food-cupboard",
    "name": "St. Thomas Catholic Food Cupboard",
    "address": "2715 South Torrey Pines Drive",
    "city": "Las Vegas",
    "state": "NV",
    "zip": "89146",
    "phone": "(702) 655-5840",
    "fax": null,
    "email": null,
    "website": "http://stthomascclv.org",
    "hours": "Tuesday11:00 am - 1:00 pmFor more information, please call. \nVolunteering Information:No new volunteers are needed at this time. \nCounty or Counties Served: Clark",
    "description": null,
    "requirements": "Valid ID Proof of Nevada Residence \nGo To Details Page For More Information",
    "scraped_at": "2025-10-31T21:49:36.397467",
    "latitude": 36.1494573,
    "longitude": -115.2342155,
    "geocoded_address": "South Torrey Pines Drive, Buffalo, Las Vegas, Clark County, Nevada, 89146, United States of America"
  },
  {
    "url": "https://www.foodpantries.org/li/nv_89110_blood-of-the-lamb-community-ministries-food-bank",
    "name": "Blood Of The Lamb Community Ministries Food Bank",
    "address": "1103 N. Nellis Blvd.",
    "city": "Las Vegas",
    "state": "NV",
    "zip": "89110",
    "phone": "(702) 438-5262",
    "fax": null,
    "email": null,
    "website": "http://www.freefood.org/",
    "hours": "Every Friday from 1:30pm to 4:00pm\nVolunteering Information:If you would like to volunteer you time at the food bank please call us at:\r\n702-438-5262 \nCounty or Counties Served: Clark",
    "description": null,
    "requirements": "Proof of Residence with address dated within 30 days of visit (recent rent receipt, utility bill, etc.) \r\nNevada ID \r\nSocial Security Card \r\nFor Children plea\nGo To Details Page For More Information",
    "scraped_at": "2025-10-31T21:49:38.623761",
    "latitude": 36.1834057,
    "longitude": -115.0623451,
    "geocoded_address": "1103, North Nellis Boulevard, Sunrise, Las Vegas, Clark County, Nevada, 89110, United States of America"
  },
  {
    "url": "https://www.foodpantries.org/li/nv_las-vegas_Trinity_United_Methodist_Church-food-pantry",
    "name": "Trinity United Methodist Church Food Pantry",
    "address": "6151 W Charleston Boulevard",
    "city": "Las Vegas",
    "state": "NV",
    "zip": "89146",
    "phone": "(702) 870-4749",
    "fax": null,
    "email": null,
    "website": "https://www.tumclv.com/",
    "hours": "Monday: 10:00 am to 12:00 pmClients can come in once a monthLocation:Potters Place in the parking lot of Trinity United Methodist ChurchRequirements:Valid IDProof of Nevada Residence\nCounty or Counties Served: Clark",
    "description": null,
    "requirements": "Valid IDProof of Nevada Residence\nCounty or Counties Served: Clark",
    "scraped_at": "2025-10-31T21:49:41.036301",
    "latitude": 36.1585165,
    "longitude": -115.2256426,
    "geocoded_address": "6151, West Charleston Boulevard, Buffalo, Las Vegas, Clark County, Nevada, 89146, United States of America"
  },
  {
    "url": "https://www.foodpantries.org/li/nv_las-vegas_st-elizabeth-ann-seton-food-pantry",
    "name": "St. Elizabeth Ann Seton Food Pantry",
    "address": "1811 Pueblo Vista Drive",
    "city": "Las Vegas",
    "state": "NV",
    "zip": "89128",
    "phone": "(702) 804-8317",
    "fax": null,
    "email": null,
    "website": "http://www.freefood.org/",
    "hours": "Saturday mornings from 9:00 a.m. -11:30 a.m.Notes:You can pick up food twice a monthOpen for parishioners and others in the communityLocation:Summerlin-between Lake Mead Blvd. and Vegas Drive\r\n                                    \r\n                                    County or Counties Served: Clark",
    "description": null,
    "requirements": "Proof of ID. To set an appointment. Call during office hours (Mon-Fri between 8 and 5). \nGo To Details Page For More Information",
    "scraped_at": "2025-10-31T21:49:43.429800",
    "latitude": 36.1931396,
    "longitude": -115.2707865,
    "geocoded_address": "Saint Elizabeth Ann Seton Catholic Church, 1811, Pueblo Vista Drive, The Pueblo, Las Vegas, Clark County, Nevada, 89128, United States of America"
  },
  {
    "url": "https://www.foodpantries.org/li/nv_las-vegas_the-just-one-project-food-pantry",
    "name": "The Just One Project Food Pantry",
    "address": "711 N Rancho Drive",
    "city": "Las Vegas",
    "state": "NV",
    "zip": "89106",
    "phone": "(702) 462-2253",
    "fax": null,
    "email": null,
    "website": "http://www.freefood.org/",
    "hours": "Community Family Market:Client-choice marketMonday through Friday by appointment onlyDrive Through Market:Must be in vehicleBy appointment only. Call the main number to schedule.Deliveries for home-bound:Monday - Friday, by appointment only.\nVolunteering Information:https://thejustoneproject.org/volunteer-1 \nCounty or Counties Served: Clark",
    "description": null,
    "requirements": "Valid ID Proof of Nevada Residence \nGo To Details Page For More Information",
    "scraped_at": "2025-10-31T21:49:45.794682",
    "latitude": 36.1783393,
    "longitude": -115.1770077,
    "geocoded_address": "711, North Rancho Drive, Twin Lakes, Las Vegas, Clark County, Nevada, 89106, United States of America"
  },
  {
    "url": "https://www.foodpantries.org/li/colorado-river-food-bank-laughlin",
    "name": "Colorado River Food Bank - Laughlin",
    "address": "240 E. Laughlin Civic Drive",
    "city": "Laughlin",
    "state": "NV",
    "zip": "89029",
    "phone": "(702) 298-9220",
    "fax": "(702) 298-2301",
    "email": null,
    "website": "http://www.freefood.org/",
    "hours": "Monday - Friday8:00am - 3:00pmLast client seen at 2:45pmFor more information, please call.\nCounty or Counties Served: Clark",
    "description": null,
    "requirements": null,
    "scraped_at": "2025-10-31T21:49:50.013114",
    "latitude": 35.1684386,
    "longitude": -114.5807066,
    "geocoded_address": "Laughlin Civic Drive, Laughlin, Laughlin Township, Clark County, Nevada, 86430, United States of America"
  },
  {
    "url": "https://www.foodpantries.org/li/colorado-river-food-bank",
    "name": "Colorado River Food Bank",
    "address": "240 E. Laughlin Civic Drive",
    "city": "Laughlin",
    "state": "NV",
    "zip": "89029",
    "phone": "(702) 298-9220",
    "fax": "(702) 298-2301",
    "email": null,
    "website": "http://www.freefood.org/",
    "hours": "Mon-Wed 1:00-4:00 Thur and Fri 9:00 -4:00\nGo To Details Page For More Information",
    "description": null,
    "requirements": null,
    "scraped_at": "2025-10-31T21:49:52.715122",
    "latitude": 35.1684386,
    "longitude": -114.5807066,
    "geocoded_address": "Laughlin Civic Drive, Laughlin, Laughlin Township, Clark County, Nevada, 86430, United States of America"
  },
  {
    "url": "https://www.foodpantries.org/li/virgin-valley-community-food-bank",
    "name": "Virgin Valley Community Food & Thrift Store",
    "address": "115 S 1st Street",
    "city": "Mesquite",
    "state": "NV",
    "zip": "89027",
    "phone": "(702) 346-0900",
    "fax": null,
    "email": null,
    "website": "http://www.freefood.org/",
    "hours": "Mondays 3:00 pm - 5:30 pm\r\nMobile Pantry Hours:\r\nLast Wednesday of each month 9:00am\r\nFor more information, please call.",
    "description": null,
    "requirements": null,
    "scraped_at": "2025-10-31T21:49:55.075479",
    "latitude": 36.8053736,
    "longitude": -114.0646915,
    "geocoded_address": "East 1st North Street, Mesquite, Clark County, Nevada, 89027, United States of America"
  },
  {
    "url": "https://www.foodpantries.org/li/nv_mesquite_the-salvation-army-of-mesquite-food-pantry",
    "name": "The Salvation Army of Mesquite Food Pantry",
    "address": "742 W Pioneer Boulevard",
    "city": "Mesquite",
    "state": "NV",
    "zip": "89027",
    "phone": "(702) 345-5116",
    "fax": null,
    "email": null,
    "website": "http://www.freefood.org/",
    "hours": "Monday to Thursday: 8:00 am to 12:00 pm, 1:00 pm to 3:00 pmFriday: 8:00 am to 12:00 pm \nCounty or Counties Served: Clark",
    "description": null,
    "requirements": null,
    "scraped_at": "2025-10-31T21:49:57.732583",
    "latitude": 36.8110612,
    "longitude": -114.090815,
    "geocoded_address": "742, West Pioneer Boulevard, Mesquite, Clark County, Nevada, 89027, United States of America"
  },
  {
    "url": "https://www.foodpantries.org/li/helping-hands-of-vegas-valley",
    "name": "Helping Hands of Vegas Valley",
    "address": "3640 N. 5th Street",
    "city": "North Las Vegas",
    "state": "NV",
    "zip": "89032",
    "phone": "(702) 633-7264",
    "fax": "(702) 649-6438",
    "email": null,
    "website": "http://www.freefood.org/",
    "hours": "Monday - Wednesday\r\n8:00am - 12:00pm",
    "description": null,
    "requirements": "NV identification.\n\r\nFor more information, please call.",
    "scraped_at": "2025-10-31T21:49:59.970773",
    "latitude": 36.2005191,
    "longitude": -115.1214745,
    "geocoded_address": "North Las Vegas, Clark County, Nevada, United States of America",
    "note": "Geocoded to city center (exact address not found)"
  },
  {
    "url": "https://www.foodpantries.org/li/fish-food-pantry",
    "name": "Fish Food Pantry",
    "address": "1600 E Cartier Ave",
    "city": "North Las Vegas",
    "state": "NV",
    "zip": "89030",
    "phone": "(702) 649-7230",
    "fax": "(702) 649-4453",
    "email": null,
    "website": "http://www.freefood.org/",
    "hours": "The 2nd & 4th Thursday of each month \r\n10:00am-12:00pm \r\n \r\nFirst time visitors should be prepared to show ID & proof of residency, i.e. power bill, rent receipt or lease agreement with address.  \r\n \r\nFor more information, please call.",
    "description": null,
    "requirements": "Proof of Residence with address dated within 30 days of visit (recent rent receipt, utility bill, etc.) \r\nNevada ID \r\nSocial Security Card \r\nFor Children plea\nGo To Details Page For More Information",
    "scraped_at": "2025-10-31T21:50:05.825700",
    "latitude": 36.2068179,
    "longitude": -115.1229247,
    "geocoded_address": "1600, East Cartier Avenue, North Las Vegas, Clark County, Nevada, 89030, United States of America"
  },
  {
    "url": "https://www.foodpantries.org/li/nv_89086_n-las-vegas-equality-center-food-pantry",
    "name": "North Las Vegas Equality Center Food Pantry",
    "address": "3410 E Centennial Pkwy",
    "city": "North Las Vegas",
    "state": "NV",
    "zip": "89086",
    "phone": "(855) 955-5428",
    "fax": null,
    "email": null,
    "website": "http://www.freefood.org/",
    "hours": "Monday through Thursday 2:00pm until 6:00pmRequirements:\u00a0Low Income\u00a0Families with Youth\u00a0HIV\u00a0SNAP/WIC\u00a0TEFAP\nVolunteering Information:reach out for volunteer services or sign up on website  \nCounty or Counties Served: Clark",
    "description": null,
    "requirements": "Low Income\u00a0Families with Youth\u00a0HIV\u00a0SNAP/WIC\u00a0TEFAP\nVolunteering Information:reach out for volunteer services or sign up on website  \nCounty or Counties Served: Clark",
    "scraped_at": "2025-10-31T21:50:08.386727",
    "latitude": 36.2763746,
    "longitude": -115.1003312,
    "geocoded_address": "3410, East Centennial Parkway, North Las Vegas, Clark County, Nevada, 89081, United States of America"
  },
  {
    "url": "https://www.foodpantries.org/li/faith_lutheran_church_89503",
    "name": "Faith Lutheran Church",
    "address": "2075 W 7th. Street",
    "city": "Reno",
    "state": "NV",
    "zip": "89503",
    "phone": null,
    "fax": null,
    "email": null,
    "website": "http://www.freefood.org/",
    "hours": "4th Monday: 1:00-3pm (please do not arrive prior to 12:00 pm)\r\n                                    \r\n                                                                        \n* Important: Please call the food pantries to confirm that the hours have not changed. We do our best to provide full information and details, but food pantries often change their hours without notifying us. We do not want you to waste your time visiting a pantry that is not open.",
    "description": null,
    "requirements": "Must provide Picture ID (eligible every 30 days) \r\n \r\nPantry Hours: \r\nWednesday \r\n10:00am to 12:00pm \r\nSaturday \r\n9:00am to 11:00am \r\n \r\nFor more information, please call.",
    "scraped_at": "2025-10-31T21:50:10.675522",
    "latitude": 39.53089,
    "longitude": -119.8438487,
    "geocoded_address": "2075, West 7th Street, Reno, Washoe County, Nevada, 89503, United States of America"
  },
  {
    "url": "https://www.foodpantries.org/li/valley_view_christian_fellowship_89511",
    "name": "Valley View Christian Fellowship",
    "address": "1805 Geiger Grade Rd.",
    "city": "Reno",
    "state": "NV",
    "zip": "89521",
    "phone": "(775) 825-4099",
    "fax": null,
    "email": null,
    "website": "http://www.freefood.org/",
    "hours": "Sunday8:00am - 9:00am For more information, please call. \nCounty or Counties Served: Washoe",
    "description": null,
    "requirements": "ID and completion of an intake form.Hours:Sunday8:00am - 9:00am For more information, please call. \nCounty or Counties Served: Washoe",
    "scraped_at": "2025-10-31T21:50:14.398567",
    "latitude": 39.5261788,
    "longitude": -119.812658,
    "geocoded_address": "Reno, Washoe County, Nevada, United States of America",
    "note": "Geocoded to city center (exact address not found)"
  },
  {
    "url": "https://www.foodpantries.org/li/st-vincents-food-pantry",
    "name": "St. Vincent\u2019s Dining Room - Soup Kitchen",
    "address": "325 Valley Road",
    "city": "Reno",
    "state": "NV",
    "zip": "89512",
    "phone": "(775) 322-7073",
    "fax": null,
    "email": null,
    "website": "https://ccsnn.org",
    "hours": "Monday to Friday: 9:00 am to 4:00 pm Closed Daily from 12:00pm-1:00pm Notes: Hours vary based on volunteer and staff available No new client\nGo To Details Page For More Information",
    "description": null,
    "requirements": "Must provide Picture ID (eligible every 30 days) \r\n \r\nPantry Hours: \r\nWednesday \r\n10:00am to 12:00pm \r\nSaturday \r\n9:00am to 11:00am \r\n \r\nFor more information, please call.",
    "scraped_at": "2025-10-31T21:50:17.593646",
    "latitude": 39.5303284,
    "longitude": -119.8082359,
    "geocoded_address": "325, Valley Road, Reno, Washoe County, Nevada, 89512, United States of America"
  },
  {
    "url": "https://www.foodpantries.org/li/Washoe-County-Senior --Center",
    "name": null,
    "address": null,
    "city": null,
    "state": null,
    "zip": null,
    "phone": null,
    "fax": null,
    "email": null,
    "website": null,
    "hours": null,
    "description": null,
    "requirements": null,
    "scraped_at": "2025-10-31T21:50:19.632491"
  },
  {
    "url": "https://www.foodpantries.org/li/faith-alive-christian-center",
    "name": "Faith Alive Christian Center",
    "address": "120 Hubbard Way",
    "city": "Reno",
    "state": "NV",
    "zip": "89502",
    "phone": "(775) 827-0333",
    "fax": null,
    "email": null,
    "website": "http://www.freefood.org/",
    "hours": "Monday9:00am - 12:00pmWednesday9:00am - 11:00pmFor more information, please call. \nCounty or Counties Served: Washoe",
    "description": null,
    "requirements": "Must provide Picture ID (eligible every 30 days) \r\n \r\nPantry Hours: \r\nWednesday \r\n10:00am to 12:00pm \r\nSaturday \r\n9:00am to 11:00am \r\n \r\nFor more information, please call.",
    "scraped_at": "2025-10-31T21:50:20.386503",
    "latitude": 39.4987346,
    "longitude": -119.7984965,
    "geocoded_address": "120, Hubbard Way, Reno Experience District, Reno, Washoe County, Nevada, 89502, United States of America"
  },
  {
    "url": "https://www.foodpantries.org/li/trinity-episcopal-church",
    "name": "Trinity Episcopal Church",
    "address": "200 Island Ave.",
    "city": "Reno",
    "state": "NV",
    "zip": "89501",
    "phone": "(775) 329-4279",
    "fax": "(775) 329-3135",
    "email": null,
    "website": "http://www.freefood.org/",
    "hours": "Monday, Wednesday and Friday9:30am - 10:30amOn the second floor of the Parish Hall entrance on Rainbow Street behind the Cathedral Food Pantry Hours:The 3rd Sunday of the month.For more information, please call. \nCounty or Counties Served: Washoe",
    "description": null,
    "requirements": "Must provide Picture ID (eligible every 30 days) \r\n \r\nPantry Hours: \r\nWednesday \r\n10:00am to 12:00pm \r\nSaturday \r\n9:00am to 11:00am \r\n \r\nFor more information, please call.",
    "scraped_at": "2025-10-31T21:50:23.104600",
    "latitude": 39.5236465,
    "longitude": -119.8146264,
    "geocoded_address": "200, Island Avenue, Midtown, Reno, Washoe County, Nevada, 89501, United States of America"
  },
  {
    "url": "https://www.foodpantries.org/li/st-michael-parish-stead",
    "name": "St Michael Parish Food Pantry",
    "address": "14075 Mt Vida Street",
    "city": "Reno",
    "state": "NV",
    "zip": "89506",
    "phone": "(775) 972-7462",
    "fax": "(775) 972-9373",
    "email": null,
    "website": "http://www.freefood.org/",
    "hours": "Thursdays 4:30 pmClosed on Holidays.  For more information, please call. \nCounty or Counties Served: Washoe",
    "description": null,
    "requirements": "Picture ID \r\nProof of Sun Valley residency.",
    "scraped_at": "2025-10-31T21:50:25.679701",
    "latitude": 39.6557132,
    "longitude": -119.874791,
    "geocoded_address": "14075, Mount Vida Street, Stead, Reno, Washoe County, Nevada, 89506, United States of America"
  },
  {
    "url": "https://www.foodpantries.org/li/nv_reno_st-vincents-food-pantry",
    "name": "St Vincent's Food Pantry",
    "address": "500 E. Fourth Street",
    "city": "Reno",
    "state": "NV",
    "zip": "89512",
    "phone": "(775) 786-5266",
    "fax": null,
    "email": null,
    "website": "http://www.freefood.org/",
    "hours": "Monday to Friday: 9:00 am to 4:00 pmClosed Daily from 12:00pm-1:00pmNotes:Hours vary based on volunteer and staff availableNo new clients will be accepted after 2:30 p.m.First time visitor come before the designated cutoff times for registration\nCounty or Counties Served: Washoe",
    "description": null,
    "requirements": "Must provide Picture ID (eligible every 30 days) \r\n \r\nPantry Hours: \r\nWednesday \r\n10:00am to 12:00pm \r\nSaturday \r\n9:00am to 11:00am \r\n \r\nFor more information, please call.",
    "scraped_at": "2025-10-31T21:50:28.736837",
    "latitude": 39.5261788,
    "longitude": -119.812658,
    "geocoded_address": "Reno, Washoe County, Nevada, United States of America",
    "note": "Geocoded to city center (exact address not found)"
  },
  {
    "url": "https://www.foodpantries.org/li/nv_reno_the-bridge-church-food-pantry",
    "name": "The Bridge Church Food Pantry",
    "address": "1330 Foster Drive",
    "city": "Reno",
    "state": "NV",
    "zip": "89509",
    "phone": "(775) 323-7141",
    "fax": null,
    "email": null,
    "website": "http://www.freefood.org/",
    "hours": "1st and 3rd Thursday of each month from 8:00  10:00 am.\nMission Statement\r\n               Our mission is to distribute free food to anyone who needs it, without prerequisites such as needs tests or letters of referral. Our faith compels us to reach out to those in need and this is one way for us to do so.\r\n            \nCounty or Counties Served: Washoe",
    "description": null,
    "requirements": "Must provide Picture ID (eligible every 30 days) \r\n \r\nPantry Hours: \r\nWednesday \r\n10:00am to 12:00pm \r\nSaturday \r\n9:00am to 11:00am \r\n \r\nFor more information, please call.",
    "scraped_at": "2025-10-31T21:50:32.594894",
    "latitude": 39.5161197,
    "longitude": -119.8335139,
    "geocoded_address": "1330, Foster Drive, Reno, Washoe County, Nevada, 89509, United States of America"
  },
  {
    "url": "https://www.foodpantries.org/li/nv_reno_valley-view-christian-fellowship-food-pantry",
    "name": "Valley View Christian Fellowship Food Pantry",
    "address": "1805 Geiger Grade Road",
    "city": "Reno",
    "state": "NV",
    "zip": "89511",
    "phone": "(775) 825-4099",
    "fax": null,
    "email": null,
    "website": "http://www.freefood.org/",
    "hours": "Sunday: 8:00 am to 9:00 amRequirements:Must have ID and be willing to fill out an intake formProvides groceries to those in need.All are welcome.\nCounty or Counties Served: Washoe",
    "description": null,
    "requirements": "Must have ID and be willing to fill out an intake formProvides groceries to those in need.All are welcome.\nCounty or Counties Served: Washoe",
    "scraped_at": "2025-10-31T21:50:34.866927",
    "latitude": 39.5261788,
    "longitude": -119.812658,
    "geocoded_address": "Reno, Washoe County, Nevada, United States of America",
    "note": "Geocoded to city center (exact address not found)"
  },
  {
    "url": "https://www.foodpantries.org/li/food-bank-of-northern-nevada",
    "name": "Food Bank Of Northern Nevada",
    "address": "550 Italy Drive",
    "city": "Sparks",
    "state": "NV",
    "zip": "89437",
    "phone": "(775) 331-3663",
    "fax": "(775) 331-3765",
    "email": null,
    "website": "http://www.fbnn.org",
    "hours": "3rd Tuesday 10:30am -12:00pm  For more information, please call. \nGo To Details Page For More Information",
    "description": null,
    "requirements": "ID  Pantry Hours:  3rd Tuesday 10:30am -12:00pm  For more information, please call. \nGo To Details Page For More Information",
    "scraped_at": "2025-10-31T21:50:38.410620",
    "latitude": 39.5404679,
    "longitude": -119.7487235,
    "geocoded_address": "Sparks, Washoe County, Nevada, United States of America",
    "note": "Geocoded to city center (exact address not found)"
  },
  {
    "url": "https://www.foodpantries.org/li/st_pauls_episcopal_church_89431",
    "name": "St Paul's Episcopal Church",
    "address": "1135 12th Street",
    "city": "Sparks",
    "state": "NV",
    "zip": "89431",
    "phone": "(775) 358-4474",
    "fax": "(775) 313-0806",
    "email": null,
    "website": "http://www.freefood.org/",
    "hours": "Wednesday\r\n10:00am to 12:00pm\r\nSaturday\r\n9:00am to 11:00am\n\r\nFor more information, please call.",
    "description": null,
    "requirements": "Must provide Picture ID (eligible every 30 days) \n\r\nPantry Hours:\r\nWednesday\r\n10:00am to 12:00pm\r\nSaturday\r\n9:00am to 11:00am\n\r\nFor more information, please call.",
    "scraped_at": "2025-10-31T21:50:41.869195",
    "latitude": 39.5441946,
    "longitude": -119.7598127,
    "geocoded_address": "1135, 12th Street, Victorian Square, Sparks, Washoe County, Nevada, 89431, United States of America"
  },
  {
    "url": "https://www.foodpantries.org/li/church_of_jesus_christ_spirit_filled_89434",
    "name": "Church of Jesus Christ Spirit Filled",
    "address": "3175 Goldy Way",
    "city": "Sparks",
    "state": "NV",
    "zip": "89434",
    "phone": "(775) 358-2842",
    "fax": "(775) 358-2374",
    "email": null,
    "website": "http://www.freefood.org/",
    "hours": "3rd Tuesday10:30am -12:00pmFor more information, please call.\nCounty or Counties Served: Washoe",
    "description": null,
    "requirements": "ID Pantry Hours: 3rd Tuesday10:30am -12:00pmFor more information, please call.\nCounty or Counties Served: Washoe",
    "scraped_at": "2025-10-31T21:50:44.387803",
    "latitude": 39.5583868,
    "longitude": -119.7279528,
    "geocoded_address": "3175, Goldy Way, Sparks, Washoe County, Nevada, 89434, United States of America"
  },
  {
    "url": "https://www.foodpantries.org/li/nv_sparks_university-family-fellowship-food-pantry",
    "name": "University Family Fellowship Food Pantry",
    "address": "1125 Stanford Way",
    "city": "Sparks",
    "state": "NV",
    "zip": "89431",
    "phone": "(775) 359-2222",
    "fax": null,
    "email": null,
    "website": "http://www.freefood.org/",
    "hours": "Wednesday \r\n10:00am to 12:00pm \r\nSaturday \r\n9:00am to 11:00am \r\n \r\nFor more information, please call.",
    "description": null,
    "requirements": "Must provide Picture ID (eligible every 30 days) \r\n \r\nPantry Hours: \r\nWednesday \r\n10:00am to 12:00pm \r\nSaturday \r\n9:00am to 11:00am \r\n \r\nFor more information, please call.",
    "scraped_at": "2025-10-31T21:50:46.442521",
    "latitude": 39.5440342,
    "longitude": -119.7435873,
    "geocoded_address": "1125, Stanford Way, Sparks, Washoe County, Nevada, 89431, United States of America"
  },
  {
    "url": "https://www.foodpantries.org/li/nv_sun-valley_hope-church-of-the-nazarene-food-pantry",
    "name": "Hope Church of the Nazarene Food Pantry",
    "address": "205 W. Gepford Parkway",
    "city": "Sun Valley",
    "state": "NV",
    "zip": "89433",
    "phone": "(775) 673-2700",
    "fax": null,
    "email": null,
    "website": "http://www.freefood.org/",
    "hours": "Monday: 2:30 pm to 3:30 pm",
    "description": null,
    "requirements": "Picture ID\r\nProof of Sun Valley residency.",
    "scraped_at": "2025-10-31T21:50:48.805849",
    "latitude": 39.5857683,
    "longitude": -119.7833598,
    "geocoded_address": "Hope Church of the Nazarene, 205, West Gepford Parkway, Sun Valley, Washoe County, Nevada, 89433, United States of America"
  },
  {
    "url": "https://www.foodpantries.org/li/joesephs-pantry",
    "name": "Joeseph's Pantry",
    "address": "1920 Plateau Way",
    "city": "West Wendover",
    "state": "NV",
    "zip": "89883",
    "phone": "(775) 664-3030",
    "fax": null,
    "email": null,
    "website": "http://www.freefood.org/",
    "hours": "Monday, Tuesday, Thursday and Friday\r\n11:00am - 2:00pm\r\nDistribution is held inside the Senior Center\r\nThrift store Hours:\r\nMonday - Saturday\r\n10:00am - 4:00pm\n\r\nCommunity Resource Center \r\nMonday - Friday\n\r\n Senior Center\r\nOpen for Lunch\r\nMonday, Wednesday and Friday\r\n12:00pm\n\r\nFor more information, please call.",
    "description": null,
    "requirements": null,
    "scraped_at": "2025-10-31T21:50:50.906748",
    "latitude": 40.7409656,
    "longitude": -114.0751726,
    "geocoded_address": "West Wendover, Elko County, Nevada, United States of America",
    "note": "Geocoded to city center (exact address not found)"
  }
]