[
  {
    "url": "https://www.foodpantries.org/li/safe-harbor1",
    "name": "Safe Harbor",
    "address": "2005 S Merton Street",
    "city": "Aberdeen",
    "state": "SD",
    "zip": "57402",
    "phone": "(605) 226-1212",
    "fax": null,
    "email": null,
    "website": "http://www.freefood.org/",
    "hours": null,
    "description": null,
    "requirements": null,
    "scraped_at": "2025-11-02T20:29:10.458859",
    "latitude": 45.4490145,
    "longitude": -98.4626822,
    "geocoded_address": "South Merton Street, Melrose Addition, Aberdeen, Aberdeen Township, Brown County, South Dakota, 57401, United States of America"
  },
  {
    "url": "https://www.foodpantries.org/li/salvation-army-aberdeen",
    "name": "Salvation Army - Aberdeen",
    "address": "1003 6th Avenue SW",
    "city": "Aberdeen",
    "state": "SD",
    "zip": "57401",
    "phone": "(605) 225-7410",
    "fax": null,
    "email": null,
    "website": "http://www.freefood.org/",
    "hours": null,
    "description": null,
    "requirements": null,
    "scraped_at": "2025-11-02T20:29:13.500308",
    "latitude": 45.4590103,
    "longitude": -98.502787,
    "geocoded_address": "Salvation Army, 1003, 6th Avenue Southwest, Aberdeen, Aberdeen Township, Brown County, South Dakota, 57401, United States of America"
  },
  {
    "url": "https://www.foodpantries.org/li/southeastern-food-pantry",
    "name": "Southeastern Food Pantry",
    "address": "1022 N. Dakota St.",
    "city": "Centerville",
    "state": "SD",
    "zip": "57014",
    "phone": "(605) 987-2696",
    "fax": null,
    "email": null,
    "website": "http://www.freefood.org/",
    "hours": null,
    "description": null,
    "requirements": null,
    "scraped_at": "2025-11-02T20:29:15.961035",
    "latitude": 43.1192113,
    "longitude": -96.9627512,
    "geocoded_address": "Dakota Street, Centerville, Centerville Township, Turner County, South Dakota, United States of America"
  },
  {
    "url": "https://www.foodpantries.org/li/baltic-food-bank",
    "name": "Baltic Food Bank",
    "address": "500 3rd St",
    "city": "Baltic",
    "state": "SD",
    "zip": "57003",
    "phone": "(605) 529-5032",
    "fax": null,
    "email": null,
    "website": "http://www.freefood.org/",
    "hours": null,
    "description": null,
    "requirements": null,
    "scraped_at": "2025-11-02T20:29:18.651853",
    "latitude": 43.759982,
    "longitude": -96.737587,
    "geocoded_address": "500, 3rd Street, Hillside Estates, Baltic, Sverdrup Township, Minnehaha County, South Dakota, 57003, United States of America"
  },
  {
    "url": "https://www.foodpantries.org/li/daily-bread-food-pantry",
    "name": "Daily Bread Food Pantry",
    "address": "47381 246th street",
    "city": "Dell Rapids",
    "state": "SD",
    "zip": "57022",
    "phone": "(605) 428-5111",
    "fax": null,
    "email": null,
    "website": "http://www.freefood.org/",
    "hours": null,
    "description": null,
    "requirements": null,
    "scraped_at": "2025-11-02T20:29:21.433633",
    "latitude": 43.823538,
    "longitude": -96.732735,
    "geocoded_address": "47381, 246th Street, Dell Rapids Township, Minnehaha County, South Dakota, 57022, United States of America"
  },
  {
    "url": "https://www.foodpantries.org/li/lutheran-church-of-dell-rapids",
    "name": "Lutheran Church Of Dell Rapids",
    "address": "701 N. Orleans Ave.",
    "city": "Dell Rapids",
    "state": "SD",
    "zip": "57022",
    "phone": "(605) 428-3197",
    "fax": null,
    "email": null,
    "website": "https://www.lcdr-sd.org",
    "hours": null,
    "description": null,
    "requirements": null,
    "scraped_at": "2025-11-02T20:29:24.657156",
    "latitude": 43.8229088,
    "longitude": -96.7102547,
    "geocoded_address": "Orleans Avenue, Dell Rapids Historic District, Ward 4, Dell Rapids, Dell Rapids Township, Minnehaha County, South Dakota, 50722, United States of America"
  },
  {
    "url": "https://www.foodpantries.org/li/food-bank-of-south-dakota",
    "name": "Feeding South Dakota \u2013 Mobile Food Pantry",
    "address": "4701 N Westport Avenue",
    "city": "Sioux Falls",
    "state": "SD",
    "zip": "57107",
    "phone": "(605) 335-0364",
    "fax": "(605) 335-6617",
    "email": null,
    "website": "http://www.freefood.org/",
    "hours": "The first 3 Wednesdays and Saturdays of the month (St\nGo To Details Page For More Information",
    "description": null,
    "requirements": null,
    "scraped_at": "2025-11-02T20:29:27.575163",
    "latitude": 43.597527,
    "longitude": -96.761249,
    "geocoded_address": "4701, North Westport Avenue, Skyline Heights, Sioux Falls, Mapleton Township, Minnehaha County, South Dakota, 57107, United States of America"
  },
  {
    "url": "https://www.foodpantries.org/li/set-free-ministries",
    "name": "Set Free Ministries",
    "address": "3812 North Cliff Avenue",
    "city": "Sioux Falls",
    "state": "SD",
    "zip": "57104",
    "phone": "(605) 332-0262",
    "fax": null,
    "email": null,
    "website": "http://www.freefood.org/",
    "hours": "The first 3 Wednesdays and Saturdays of the month (St\nGo To Details Page For More Information",
    "description": null,
    "requirements": null,
    "scraped_at": "2025-11-02T20:29:29.866364",
    "latitude": 43.5896156,
    "longitude": -96.7112485,
    "geocoded_address": "3812, North Cliff Avenue, Sioux Falls, Mapleton Township, Minnehaha County, South Dakota, 57104, United States of America"
  },
  {
    "url": "https://www.foodpantries.org/li/jesus-only-apostolic",
    "name": "Jesus Only Apostolic",
    "address": "1120 E Benson Rd",
    "city": "Sioux Falls",
    "state": "SD",
    "zip": "57109",
    "phone": "(605) 331-2432",
    "fax": null,
    "email": null,
    "website": "http://www.freefood.org/",
    "hours": "The first 3 Wednesdays and Saturdays of the month (St\nGo To Details Page For More Information",
    "description": null,
    "requirements": null,
    "scraped_at": "2025-11-02T20:29:34.078271",
    "latitude": 43.5874521,
    "longitude": -96.6932827,
    "geocoded_address": "East Benson Road, Sioux Falls, Mapleton Township, Minnehaha County, South Dakota, 57104, United States of America"
  },
  {
    "url": "https://www.foodpantries.org/li/crossroads-community-church",
    "name": "Crossroads Community Church",
    "address": "1515 N North Dr",
    "city": "Sioux Falls",
    "state": "SD",
    "zip": "57104",
    "phone": "(605) 334-0638",
    "fax": null,
    "email": null,
    "website": "http://www.freefood.org/",
    "hours": "The first 3 Wednesdays and Saturdays of the month (St\nGo To Details Page For More Information",
    "description": null,
    "requirements": null,
    "scraped_at": "2025-11-02T20:29:37.490780",
    "latitude": 43.5659152,
    "longitude": -96.725892,
    "geocoded_address": "1515, North North Drive, Sioux Falls, Sioux Falls Township, Minnehaha County, South Dakota, 57104, United States of America"
  },
  {
    "url": "https://www.foodpantries.org/li/ridgecrest-baptist-church",
    "name": "Ridgecrest Baptist Church",
    "address": "1034 N Spring Ave",
    "city": "Sioux Falls",
    "state": "SD",
    "zip": "57104",
    "phone": "(605) 336-1535",
    "fax": null,
    "email": null,
    "website": "http://www.freefood.org/",
    "hours": "The first 3 Wednesdays and Saturdays of the month (St\nGo To Details Page For More Information",
    "description": null,
    "requirements": null,
    "scraped_at": "2025-11-02T20:29:40.991153",
    "latitude": 43.5601327,
    "longitude": -96.7324514,
    "geocoded_address": "Ridgecrest Baptist Church, 1034, North Spring Avenue, Sioux Falls, Sioux Falls Township, Minnehaha County, South Dakota, 57104, United States of America"
  },
  {
    "url": "https://www.foodpantries.org/li/sioux-falls-salvation-army-pantry",
    "name": "Sioux Falls Salvation Army- Pantry",
    "address": "900 N Cliff Ave",
    "city": "Sioux Falls",
    "state": "SD",
    "zip": "57103",
    "phone": "(605) 332-2331",
    "fax": "(605) 338-4563",
    "email": null,
    "website": "http://www.freefood.org/",
    "hours": "The first 3 Wednesdays and Saturdays of the month (St\nGo To Details Page For More Information",
    "description": null,
    "requirements": null,
    "scraped_at": "2025-11-02T20:29:44.708148",
    "latitude": 43.557048,
    "longitude": -96.711265,
    "geocoded_address": "900, North Cliff Avenue, Whittier, Sioux Falls, Sioux Falls Township, Minnehaha County, South Dakota, 57103, United States of America"
  },
  {
    "url": "https://www.foodpantries.org/li/brandon-food-pantry",
    "name": "Brandon Food Pantry",
    "address": "406 Main Ave",
    "city": "Brandon",
    "state": "SD",
    "zip": "57005",
    "phone": "(605) 582-7001",
    "fax": null,
    "email": null,
    "website": "http://www.freefood.org/",
    "hours": "The first 3 Wednesdays and Saturdays of the month (St\nGo To Details Page For More Information",
    "description": null,
    "requirements": null,
    "scraped_at": "2025-11-02T20:29:49.292305",
    "latitude": 43.59031,
    "longitude": -96.5876505,
    "geocoded_address": "406, South Main Avenue, Brandon, Brandon Township, Minnehaha County, South Dakota, 57005, United States of America"
  },
  {
    "url": "https://www.foodpantries.org/li/beresford-faith-in-actionfood-pantry",
    "name": "Beresford Faith in Action",
    "address": "101 South 5th Street",
    "city": "Beresford",
    "state": "SD",
    "zip": "57004",
    "phone": "(605) 763-8019",
    "fax": null,
    "email": null,
    "website": "http://www.freefood.org/",
    "hours": "Wednesday 9:00am - 10:00am    Documents Required:  Drivers license  S.S. number  Proof of address  For more information, please call.  \nGo To Details Page For More Information",
    "description": null,
    "requirements": null,
    "scraped_at": "2025-11-02T20:29:52.001635",
    "latitude": 43.0799577,
    "longitude": -96.7771442,
    "geocoded_address": "101, South 5th Street, Beresford, Prairie Township, Union County, South Dakota, 57004, United States of America"
  },
  {
    "url": "https://www.foodpantries.org/li/centerville-good-samaritan-pantry",
    "name": "Centerville Good Samaritan Pantry",
    "address": "500 Vermillion Street",
    "city": "Centerville",
    "state": "SD",
    "zip": "57014",
    "phone": "(605) 563-2251",
    "fax": null,
    "email": null,
    "website": "http://www.freefood.org/",
    "hours": "Wednesday 9:00am - 10:00am    Documents Required:  Drivers license  S.S. number  Proof of address  For more information, please call.  \nGo To Details Page For More Information",
    "description": null,
    "requirements": null,
    "scraped_at": "2025-11-02T20:29:54.750000",
    "latitude": 43.1204832,
    "longitude": -96.9564505,
    "geocoded_address": "Centerville Rehab, 500, Vermillion Street, Centerville, Centerville Township, Turner County, South Dakota, 57014, United States of America"
  },
  {
    "url": "https://www.foodpantries.org/li/hawarden-food-pantry-hawarden-american-lutheran-church",
    "name": "Hawarden Food Pantry - Hawarden American Lutheran Church",
    "address": "1417 12th Street",
    "city": "Hawarden",
    "state": "IA",
    "zip": "51023",
    "phone": "(712) 551-2168",
    "fax": null,
    "email": null,
    "website": "http://www.freefood.org/",
    "hours": "Monday, Tuesday, Wednesday 8:30am - 3:30pm  For more information, please call. \nGo To Details Page For More Information",
    "description": null,
    "requirements": "Photo ID  Notes:  May visit the Pantry once per month.  Items available:  Canned and shelf-stable products Meats Some hygiene products    \nGo To Details Page For More Information",
    "scraped_at": "2025-11-02T20:29:57.170668",
    "latitude": 42.9992409,
    "longitude": -96.4751329,
    "geocoded_address": "1417, 12th Street, Hawarden, Sioux County, Iowa, 51023, United States of America"
  },
  {
    "url": "https://www.foodpantries.org/li/sd-richard-r-burgess-food-bank-of-first-baptist-church",
    "name": "Richard R. Burgess Food Bank of First Baptist Church",
    "address": "100 E. Third Street",
    "city": "Canton",
    "state": "SD",
    "zip": "57013",
    "phone": null,
    "fax": null,
    "email": null,
    "website": "http://fbccantonsd.org",
    "hours": "Monday 2:00pm - 6:00pm and Wednesday 5:00pm - 8:00pm The rest of the week is by appointment only.  Appointments can be made on the Inwood, lowa Food Bank Facebook page or by calling Jenn at 402-980-0917.   Notes:  No paperwork is needed Food is able to be delivered\nGo To Details Page For More Information",
    "description": null,
    "requirements": null,
    "scraped_at": "2025-11-02T20:29:59.663888",
    "latitude": 43.3009156,
    "longitude": -96.5926411,
    "geocoded_address": "Canton, Canton Township, Lincoln County, South Dakota, 57013, United States of America",
    "note": "Geocoded to city center (exact address not found)"
  },
  {
    "url": "https://www.foodpantries.org/li/the-exchange-food-pantry-57039",
    "name": "The Exchange Food Pantry at Ebenezer Presbyterian Church",
    "address": "509 South Juniper Street",
    "city": "Lennox",
    "state": "SD",
    "zip": "57039",
    "phone": "(605) 647-2659",
    "fax": null,
    "email": null,
    "website": "http://www.freefood.org/",
    "hours": "Wednesday 9:00am - 10:00amDocuments Required:Drivers license S.S. number Proof of addressFor more information, please call. \nCounty or Counties Served: Lincoln",
    "description": null,
    "requirements": null,
    "scraped_at": "2025-11-02T20:30:03.766382",
    "latitude": 43.3540591,
    "longitude": -96.8931332,
    "geocoded_address": "South Juniper Street, Lennox, Perry Township, Lincoln County, South Dakota, 57039, United States of America"
  },
  {
    "url": "https://www.foodpantries.org/li/ia_51240_inwood-food-pantry",
    "name": "Inwood Healing Room and Inwood Food Pantry",
    "address": "315 S. Main St.",
    "city": "Inwood",
    "state": "IA",
    "zip": "51240",
    "phone": "(712) 470-2205",
    "fax": null,
    "email": null,
    "website": "http://www.freefood.org/",
    "hours": "Monday 2:00pm - 6:00pm and Wednesday 5:00pm - 8:00pmThe rest of the week is by appointment only. Appointments can be made on the Inwood, lowa Food Bank Facebook page or by calling Jenn at 402-980-0917.Notes:No paperwork is neededFood is able to be delivered\nCounty or Counties Served: Lyon",
    "description": null,
    "requirements": null,
    "scraped_at": "2025-11-02T20:30:08.877932",
    "latitude": 43.3070606,
    "longitude": -96.4320964,
    "geocoded_address": "315, South Main Street, Inwood, Lyon County, Iowa, 51240, United States of America"
  },
  {
    "url": "https://www.foodpantries.org/li/harrisburg-area-food-pantry",
    "name": "Harrisburg Area Food Pantry",
    "address": "203 Prairie Street",
    "city": "Harrisburg",
    "state": "SD",
    "zip": "57032",
    "phone": "(605) 929-0599",
    "fax": null,
    "email": null,
    "website": "http://www.freefood.org/",
    "hours": "The first 3 Wednesdays and Saturdays of the month (St\nGo To Details Page For More Information",
    "description": null,
    "requirements": null,
    "scraped_at": "2025-11-02T20:30:13.623755",
    "latitude": 43.4304686,
    "longitude": -96.6995379,
    "geocoded_address": "203, Prairie Street, Harrisburg, LaValley Township, Lincoln County, South Dakota, 57032, United States of America"
  },
  {
    "url": "https://www.foodpantries.org/li/elk-point-food-pantry",
    "name": "Elk Point Food Pantry",
    "address": "107 N. Douglas St",
    "city": "Elk Point",
    "state": "SD",
    "zip": "57025",
    "phone": "(605) 212-5403",
    "fax": null,
    "email": null,
    "website": "http://www.freefood.org/",
    "hours": "Tuesday & Thursday10:00am -12:00pm and 4:00pm - 6:00pm Service Area:Elk Point, Jefferson and North Sioux City.\r\n                                    \r\n                                    County or Counties Served: Union",
    "description": null,
    "requirements": null,
    "scraped_at": "2025-11-02T20:30:16.096963",
    "latitude": 42.6863645,
    "longitude": -96.6845717,
    "geocoded_address": "107, North Douglas Street, Elk Point, Elk Point Township, Union County, South Dakota, 57025, United States of America"
  },
  {
    "url": "https://www.foodpantries.org/li/northern-turner-county-food-pantry",
    "name": "Grace Lutheran Church",
    "address": "490 E 1st Street",
    "city": "Parker",
    "state": "SD",
    "zip": "57053",
    "phone": "(605) 261-5879",
    "fax": null,
    "email": null,
    "website": "http://www.freefood.org/",
    "hours": "Tuesday4:30pmFor more information, please call. \nCounty or Counties Served: Turner",
    "description": null,
    "requirements": null,
    "scraped_at": "2025-11-02T20:30:20.404857",
    "latitude": 43.3964876,
    "longitude": -97.1313322,
    "geocoded_address": "490, East 1st Street, Parker, Parker Township, Turner County, South Dakota, 57053, United States of America"
  },
  {
    "url": "https://www.foodpantries.org/li/first-baptist-church-parsonage",
    "name": "First Baptist Church Parsonage",
    "address": "277 E 2 St",
    "city": "Parker",
    "state": "SD",
    "zip": "57053",
    "phone": "(605) 297-3258",
    "fax": null,
    "email": null,
    "website": "http://www.freefood.org/",
    "hours": "Tuesday 4:30pm  For more information, please call.  \nGo To Details Page For More Information",
    "description": null,
    "requirements": null,
    "scraped_at": "2025-11-02T20:30:24.375762",
    "latitude": 43.397483,
    "longitude": -97.136445,
    "geocoded_address": "Parker, Parker Township, Turner County, South Dakota, United States of America",
    "note": "Geocoded to city center (exact address not found)"
  },
  {
    "url": "https://www.foodpantries.org/li/king-of-glory",
    "name": "King Of Glory Church",
    "address": "1001 E. 17th Street",
    "city": "Sioux Falls",
    "state": "SD",
    "zip": "57104",
    "phone": "(605) 271-3456",
    "fax": null,
    "email": null,
    "website": "http://www.freefood.org/",
    "hours": "The first 3 Wednesdays and Saturdays of the month (St\nGo To Details Page For More Information",
    "description": null,
    "requirements": null,
    "scraped_at": "2025-11-02T20:30:28.380285",
    "latitude": 43.537493,
    "longitude": -96.713682,
    "geocoded_address": "1001, East 17th Street, Sioux Falls, Sioux Falls Township, Minnehaha County, South Dakota, 57104, United States of America"
  },
  {
    "url": "https://www.foodpantries.org/li/church-of-christ-on-41st-st",
    "name": "Church Of Christ On 41St St.",
    "address": "400 East 41st Street",
    "city": "Sioux Falls",
    "state": "SD",
    "zip": "57106",
    "phone": null,
    "fax": null,
    "email": null,
    "website": "http://www.freefood.org/",
    "hours": "The first 3 Wednesdays and Saturdays of the month (St\nGo To Details Page For More Information",
    "description": null,
    "requirements": null,
    "scraped_at": "2025-11-02T20:30:31.300046",
    "latitude": 43.514953,
    "longitude": -96.722027,
    "geocoded_address": "400, East 41st Street, Sioux Falls, Sioux Falls Township, Minnehaha County, South Dakota, 57105, United States of America"
  },
  {
    "url": "https://www.foodpantries.org/li/luther-manor-good-samaritan",
    "name": "Luther Manor Good Samaritan",
    "address": "1500 W. 38th St.",
    "city": "Sioux Falls",
    "state": "SD",
    "zip": "57105",
    "phone": "(605) 336-1997",
    "fax": null,
    "email": null,
    "website": "http://www.freefood.org/",
    "hours": "The first 3 Wednesdays and Saturdays of the month (St\nGo To Details Page For More Information",
    "description": null,
    "requirements": null,
    "scraped_at": "2025-11-02T20:30:33.989092",
    "latitude": 43.517676,
    "longitude": -96.743818,
    "geocoded_address": "1500, West 38th Street, Seventh Watch, Sioux Falls, Sioux Falls Township, Minnehaha County, South Dakota, 57105, United States of America"
  },
  {
    "url": "https://www.foodpantries.org/li/marshall-county-food-pantry",
    "name": "Marshall County Food Pantry",
    "address": "909 S Main Street",
    "city": "Britton",
    "state": "SD",
    "zip": "57430",
    "phone": null,
    "fax": null,
    "email": null,
    "website": "http://www.freefood.org/",
    "hours": "Mondays 4:00pm - 6:00pm  Requirements:  \r\nComplete a registration form at your first visit. \r\nNumber in family and ages qualified as a senior, adult or child.  Donations Accepted:  \r\nAny nonperishable food items \r\nHousehold ite\nGo To Details Page For More Information",
    "description": null,
    "requirements": "Complete a registration form at your first visit. \r\nNumber in family and ages qualified as a senior, adult or child.  Donations Accepted:  \r\nAny nonperishable food items \r\nHousehold ite\nGo To Details Page For More Information",
    "scraped_at": "2025-11-02T20:30:36.440678",
    "latitude": 41.9852768,
    "longitude": -83.8307669,
    "geocoded_address": "South Main Street, Ridgeway Township, Lenawee County, Michigan, 49229, United States of America"
  },
  {
    "url": "https://www.foodpantries.org/li/sargent-county-food-pantry",
    "name": "Sargent County Food Pantry",
    "address": "347 Main St",
    "city": "Forman",
    "state": "ND",
    "zip": "58032",
    "phone": "(701) 680-7049",
    "fax": null,
    "email": null,
    "website": "http://www.freefood.org/",
    "hours": "Mondays 4:00pm - 6:00pmRequirements:\r\nComplete a registration form at your first visit.\r\nNumber in family and ages qualified as a senior, adult or child.Donations Accepted:\r\nAny nonperishable food items\r\nHousehold items",
    "description": null,
    "requirements": "Complete a registration form at your first visit.\r\nNumber in family and ages qualified as a senior, adult or child.Donations Accepted:\r\nAny nonperishable food items\r\nHousehold items",
    "scraped_at": "2025-11-02T20:30:38.872052",
    "latitude": 46.1069477,
    "longitude": -97.6367099,
    "geocoded_address": "Forman Public Library, 347, Main Street Southwest, Forman, Sargent County, North Dakota, 58032, United States of America"
  },
  {
    "url": "https://www.foodpantries.org/li/oakes_area_food_pantry_ethel_day_58474",
    "name": "Oakes Area Food Pantry Ethel Day",
    "address": "413 South 6th Street",
    "city": "Oakes",
    "state": "ND",
    "zip": "58474",
    "phone": null,
    "fax": null,
    "email": null,
    "website": "http://www.freefood.org/",
    "hours": null,
    "description": null,
    "requirements": null,
    "scraped_at": "2025-11-02T20:30:40.919150",
    "latitude": 46.1344694,
    "longitude": -98.0920939,
    "geocoded_address": "413, 6th Street South, Oakes, Dickey County, North Dakota, 58474, United States of America"
  },
  {
    "url": "https://www.foodpantries.org/li/brookings-county-food-pantry",
    "name": "Brookings County Food Pantry",
    "address": "217 Fourth Street",
    "city": "Brookings",
    "state": "SD",
    "zip": "57006",
    "phone": "(605) 692-5007",
    "fax": null,
    "email": null,
    "website": "http://www.freefood.org/",
    "hours": null,
    "description": null,
    "requirements": null,
    "scraped_at": "2025-11-02T20:30:43.314563",
    "latitude": 44.311461,
    "longitude": -96.79844,
    "geocoded_address": "Brookings, Brookings Township, Brookings County, South Dakota, United States of America",
    "note": "Geocoded to city center (exact address not found)"
  },
  {
    "url": "https://www.foodpantries.org/li/ascension-lutheran-church",
    "name": "Ascension Lutheran Church",
    "address": "2030 Third Street",
    "city": "Brookings",
    "state": "SD",
    "zip": "57006",
    "phone": "(605) 692-6565",
    "fax": null,
    "email": null,
    "website": "http://www.freefood.org/",
    "hours": null,
    "description": null,
    "requirements": null,
    "scraped_at": "2025-11-02T20:30:46.799413",
    "latitude": 44.311461,
    "longitude": -96.79844,
    "geocoded_address": "Brookings, Brookings Township, Brookings County, South Dakota, United States of America",
    "note": "Geocoded to city center (exact address not found)"
  },
  {
    "url": "https://www.foodpantries.org/li/river-life-christian-fellowship",
    "name": "River-Life Christian Fellowship",
    "address": "610 NE 3rd Street",
    "city": "Madison",
    "state": "SD",
    "zip": "57042",
    "phone": "(605) 256-2054",
    "fax": null,
    "email": null,
    "website": "http://www.freefood.org/",
    "hours": null,
    "description": null,
    "requirements": null,
    "scraped_at": "2025-11-02T20:30:49.815571",
    "latitude": 44.007959,
    "longitude": -97.1063573,
    "geocoded_address": "610, Northeast 3rd Street, Madison, Lakeview Township, Lake County, South Dakota, 57042, United States of America"
  },
  {
    "url": "https://www.foodpantries.org/li/oldham-food-pantry",
    "name": "Oldham Food Pantry",
    "address": "610 NE 3rd Street",
    "city": "Madison",
    "state": "SD",
    "zip": "57051",
    "phone": "(605) 256-2054",
    "fax": null,
    "email": null,
    "website": "http://www.freefood.org/",
    "hours": null,
    "description": null,
    "requirements": null,
    "scraped_at": "2025-11-02T20:30:53.959752",
    "latitude": 44.007959,
    "longitude": -97.1063573,
    "geocoded_address": "610, Northeast 3rd Street, Madison, Lakeview Township, Lake County, South Dakota, 57042, United States of America"
  },
  {
    "url": "https://www.foodpantries.org/li/volin-food-pantry",
    "name": "Volin Food Pantry",
    "address": "610 NE 3rd Street",
    "city": "Madison",
    "state": "SD",
    "zip": "57072",
    "phone": "(605) 256-2054",
    "fax": null,
    "email": null,
    "website": "http://www.freefood.org/",
    "hours": null,
    "description": null,
    "requirements": null,
    "scraped_at": "2025-11-02T20:30:58.590835",
    "latitude": 44.007959,
    "longitude": -97.1063573,
    "geocoded_address": "610, Northeast 3rd Street, Madison, Lakeview Township, Lake County, South Dakota, 57042, United States of America"
  },
  {
    "url": "https://www.foodpantries.org/li/faith-temple-food-giveaway",
    "name": "Faith Temple Food Giveaway",
    "address": "2121 W. 33rd Street",
    "city": "Sioux Falls",
    "state": "SD",
    "zip": "57105",
    "phone": "(605) 332-2303",
    "fax": null,
    "email": null,
    "website": "http://www.freefood.org/",
    "hours": "The first 3 Wednesdays and Saturdays of the month (St. Vincent DePaul Store on Cliff Avenue)\r\n9:00am - 11:30am\n\r\nYou Can Send Donations For The Faith Temple Food Giveaway To:\r\nFaith Temple Church",
    "description": null,
    "requirements": null,
    "scraped_at": "2025-11-02T20:31:03.401338",
    "latitude": 43.5220333,
    "longitude": -96.7514916,
    "geocoded_address": "2121, West 33rd Street, Sioux Falls, Sioux Falls Township, Minnehaha County, South Dakota, 57105, United States of America"
  },
  {
    "url": "https://www.foodpantries.org/li/good-samaritan-village",
    "name": "Good Samaritan Village",
    "address": "3901 S. Marion Rd.",
    "city": "Sioux Falls",
    "state": "SD",
    "zip": "57106",
    "phone": "(605) 361-3311",
    "fax": null,
    "email": null,
    "website": "http://www.freefood.org/",
    "hours": "The first 3 Wednesdays and Saturdays of the month (St\nGo To Details Page For More Information",
    "description": null,
    "requirements": null,
    "scraped_at": "2025-11-02T20:31:05.963824",
    "latitude": 43.5100156,
    "longitude": -96.791885,
    "geocoded_address": "Good Samaritan Society Sioux Falls Village, 3901, South Marion Road, Sioux Falls, Wayne Township, Minnehaha County, South Dakota, 57106, United States of America"
  },
  {
    "url": "https://www.foodpantries.org/li/mount-of-olives-ministries",
    "name": "Mount Of Olives Ministries",
    "address": "3808 S Marion Road",
    "city": "Sioux Falls",
    "state": "SD",
    "zip": "57105",
    "phone": null,
    "fax": null,
    "email": null,
    "website": "http://www.freefood.org/",
    "hours": "The first 3 Wednesdays and Saturdays of the month (St\nGo To Details Page For More Information",
    "description": null,
    "requirements": null,
    "scraped_at": "2025-11-02T20:31:09.511905",
    "latitude": 43.5106702,
    "longitude": -96.7905995,
    "geocoded_address": "Family Worship Center, 3808, South Marion Road, Sioux Falls, Wayne Township, Minnehaha County, South Dakota, 57106, United States of America"
  },
  {
    "url": "https://www.foodpantries.org/li/castlewood-food-pantry",
    "name": "Castlewood Food Pantry",
    "address": "126 East Main St.",
    "city": "Castlewood",
    "state": "SD",
    "zip": "57223",
    "phone": null,
    "fax": null,
    "email": null,
    "website": "http://www.freefood.org/",
    "hours": "Monday, Wednesday, and Friday 11:30am-12:30pm They also serve breakfast on Saturday from 7:00am-9:00am.  For more information, please call.  \nGo To Details Page For More Information",
    "description": null,
    "requirements": null,
    "scraped_at": "2025-11-02T20:31:12.756026",
    "latitude": 44.7227876,
    "longitude": -97.0270093,
    "geocoded_address": "East Main Street, Castlewood, Castlewood Township, Hamlin County, South Dakota, 57223, United States of America"
  },
  {
    "url": "https://www.foodpantries.org/li/inter-lakes-community-action-partnership2",
    "name": "Inter-lakes Community Action Partnership",
    "address": "300 4th St.",
    "city": "Hayti",
    "state": "SD",
    "zip": "57241",
    "phone": "(605) 783-3867",
    "fax": null,
    "email": null,
    "website": "http://www.freefood.org/",
    "hours": "Monday 1:00pm-5:00pm  The TABLE meets every Monday 5:00 pm - 7:00 pm. For a meal fellowship.  For more information, please call  \nGo To Details Page For More Information",
    "description": null,
    "requirements": null,
    "scraped_at": "2025-11-02T20:31:15.794440",
    "latitude": 44.6560168,
    "longitude": -97.2039598,
    "geocoded_address": "4th Street, Hayti, Hayti Township, Hamlin County, South Dakota, 57241, United States of America"
  },
  {
    "url": "https://www.foodpantries.org/li/salvation-army-watertown",
    "name": "Salvation Army Watertown",
    "address": "621 4th St. SE",
    "city": "Watertown",
    "state": "SD",
    "zip": "57201",
    "phone": "(605) 886-4030",
    "fax": null,
    "email": null,
    "website": "http://www.freefood.org/",
    "hours": "Monday, Wednesday, and Friday11:30am-12:30pmThey also serve breakfast on Saturday from 7:00am-9:00am.For more information, please call. \nCounty or Counties Served: Codington",
    "description": null,
    "requirements": null,
    "scraped_at": "2025-11-02T20:31:18.915734",
    "latitude": 44.8920359,
    "longitude": -97.1109552,
    "geocoded_address": "621, 4th Street Southeast, Watertown, Elmira Township, Codington County, South Dakota, 57201, United States of America"
  },
  {
    "url": "https://www.foodpantries.org/li/inter-lakes-community-action-partnership",
    "name": "Inter-lakes Community Action Partnership",
    "address": "7-8th Ave SE",
    "city": "Watertown",
    "state": "SD",
    "zip": "57201",
    "phone": "(605) 886-7674",
    "fax": null,
    "email": null,
    "website": "http://www.freefood.org/",
    "hours": "Monday, Wednesday, and Friday 11:30am-12:30pm They also serve breakfast on Saturday from 7:00am-9:00am.  For more information, please call.  \nGo To Details Page For More Information",
    "description": null,
    "requirements": null,
    "scraped_at": "2025-11-02T20:31:21.913469",
    "latitude": 44.8916394,
    "longitude": -97.1176719,
    "geocoded_address": "7, 8th Avenue Southeast, Watertown, Elmira Township, Codington County, South Dakota, 57201, United States of America"
  },
  {
    "url": "https://www.foodpantries.org/li/grace-lutheran-church",
    "name": "Grace Lutheran Church",
    "address": "202 2nd St SE",
    "city": "Watertown",
    "state": "SD",
    "zip": "57201",
    "phone": "(605) 886-5737",
    "fax": null,
    "email": null,
    "website": "http://www.glcwtn.org/",
    "hours": "Monday, Wednesday, and Friday 11:30am-12:30pm They also serve breakfast on Saturday from 7:00am-9:00am.  For more information, please call.  \nGo To Details Page For More Information",
    "description": null,
    "requirements": null,
    "scraped_at": "2025-11-02T20:31:24.903571",
    "latitude": 44.8973514,
    "longitude": -97.1120732,
    "geocoded_address": "202, 2nd Street Southeast, Watertown, Elmira Township, Codington County, South Dakota, 57201, United States of America"
  },
  {
    "url": "https://www.foodpantries.org/li/1st-united-methodist-church",
    "name": "1st United Methodist Church",
    "address": "4 2nd Ave SE",
    "city": "Watertown",
    "state": "SD",
    "zip": "57201",
    "phone": "(605) 886-4427",
    "fax": null,
    "email": null,
    "website": "http://www.freefood.org/",
    "hours": "Monday, Wednesday, and Friday 11:30am-12:30pm They also serve breakfast on Saturday from 7:00am-9:00am.  For more information, please call.  \nGo To Details Page For More Information",
    "description": null,
    "requirements": null,
    "scraped_at": "2025-11-02T20:31:27.587849",
    "latitude": 44.8977841,
    "longitude": -97.1152226,
    "geocoded_address": "4, 2nd Avenue Southeast, Watertown, Elmira Township, Codington County, South Dakota, 57201, United States of America"
  },
  {
    "url": "https://www.foodpantries.org/li/county-fair-food-banquet-hall",
    "name": "County Fair Food Banquet Hall",
    "address": "10 2nd St. SE",
    "city": "Watertown",
    "state": "SD",
    "zip": "57201",
    "phone": "(605) 753-6202",
    "fax": null,
    "email": null,
    "website": "http://www.freefood.org/",
    "hours": "Monday, Wednesday, and Friday 11:30am-12:30pm They also serve breakfast on Saturday from 7:00am-9:00am.  For more information, please call.  \nGo To Details Page For More Information",
    "description": null,
    "requirements": null,
    "scraped_at": "2025-11-02T20:31:30.820742",
    "latitude": 44.8995709,
    "longitude": -97.1111939,
    "geocoded_address": "10, 2nd Street Southeast, Watertown, Elmira Township, Codington County, South Dakota, 57201, United States of America"
  },
  {
    "url": "https://www.foodpantries.org/li/sd_57201_watertown-adventist-food-pantry",
    "name": "Watertown Adventist Food Pantry",
    "address": "305 Ninth Ave. NE",
    "city": "Watertown",
    "state": "SD",
    "zip": "57201",
    "phone": "(605) 520-6427",
    "fax": null,
    "email": null,
    "website": "http://www.freefood.org/",
    "hours": "2nd Thursday of each month from 4:30 p.m., to 6:30 p.m.4th Thursday of each month from 12:00p.m. to 3:00 p.m.Location:Use parking lot door in back of church.\nCounty or Counties Served: Codington",
    "description": null,
    "requirements": null,
    "scraped_at": "2025-11-02T20:31:35.808416",
    "latitude": 44.899211,
    "longitude": -97.115289,
    "geocoded_address": "Watertown, Elmira Township, Codington County, South Dakota, 57201, United States of America",
    "note": "Geocoded to city center (exact address not found)"
  },
  {
    "url": "https://www.foodpantries.org/li/cornerstone-methodist-church",
    "name": "Cornerstone Church Food Pantry",
    "address": "1350 11th St. NE",
    "city": "Watertown",
    "state": "SD",
    "zip": "57201",
    "phone": "(605) 886-2242",
    "fax": null,
    "email": null,
    "website": "http://www.freefood.org/",
    "hours": "Mondays from 9:00am-12:00pm.\nCounty or Counties Served: Codington",
    "description": null,
    "requirements": null,
    "scraped_at": "2025-11-02T20:31:39.746304",
    "latitude": 44.916683,
    "longitude": -97.096526,
    "geocoded_address": "1350, 11th Street Northeast, Watertown, Elmira Township, Codington County, South Dakota, 57201, United States of America"
  },
  {
    "url": "https://www.foodpantries.org/li/trinity-lutheran-church-lake-norden",
    "name": "Trinity Lutheran Church Lake Norden",
    "address": "405 3rd Ave",
    "city": "Lake Norden",
    "state": "SD",
    "zip": "57248",
    "phone": "(605) 785-3277",
    "fax": null,
    "email": null,
    "website": "http://www.freefood.org/",
    "hours": "Monday 1:00pm-5:00pm The TABLE meets every Monday 5:00 pm - 7:00 pm.For a meal fellowship.For more information, please call\nCounty or Counties Served: Hamlin",
    "description": null,
    "requirements": null,
    "scraped_at": "2025-11-02T20:31:42.302585",
    "latitude": 44.5834722,
    "longitude": -97.2116743,
    "geocoded_address": "Trinity Lutheran Church, 405, 3rd Avenue North, Lake Norden, Norden Township, Hamlin County, South Dakota, 57248, United States of America"
  },
  {
    "url": "https://www.foodpantries.org/li/st-josephs-indian-school",
    "name": "St. Joseph''s Indian School",
    "address": "PO Box 89",
    "city": "Chamberlain",
    "state": "SD",
    "zip": "57325",
    "phone": "(605) 734-3486",
    "fax": null,
    "email": null,
    "website": "https://www.stjo.org",
    "hours": null,
    "description": null,
    "requirements": null,
    "scraped_at": "2025-11-02T20:31:44.982400",
    "latitude": 43.810817,
    "longitude": -99.330178,
    "geocoded_address": "Chamberlain, Chamberlain Township, Brule County, South Dakota, 57325, United States of America",
    "note": "Geocoded to city center (exact address not found)"
  },
  {
    "url": "https://www.foodpantries.org/li/clark-county-inter-lakes-community-action-partnership",
    "name": "Clark County Inter-lakes Community Action Partnership",
    "address": "116 N. Commercial",
    "city": "Clark",
    "state": "SD",
    "zip": "57225",
    "phone": "(605) 532-3722",
    "fax": null,
    "email": null,
    "website": "http://www.freefood.org/",
    "hours": null,
    "description": null,
    "requirements": null,
    "scraped_at": "2025-11-02T20:31:48.297064",
    "latitude": 44.8779204,
    "longitude": -97.7333982,
    "geocoded_address": "116, North Commercial Street, Clark, Day Township, Clark County, South Dakota, 57225, United States of America"
  },
  {
    "url": "https://www.foodpantries.org/li/inter-lakes-community-action-partnership1",
    "name": "Inter-lakes Community Action Partnership",
    "address": "408 4th St.",
    "city": "Clear Lake",
    "state": "SD",
    "zip": "57226",
    "phone": "(605) 874-2062",
    "fax": null,
    "email": null,
    "website": "http://www.freefood.org/",
    "hours": null,
    "description": null,
    "requirements": null,
    "scraped_at": "2025-11-02T20:31:51.956344",
    "latitude": 44.7558463,
    "longitude": -96.6842516,
    "geocoded_address": "408, 4th Street West, Clear Lake, Clear Lake Township, Deuel County, South Dakota, 57226, United States of America"
  },
  {
    "url": "https://www.foodpantries.org/li/desmet-good-samaritan-center",
    "name": "Desmet Good Samaritan Center",
    "address": "411 Calumet Ave. N.W.",
    "city": "Desmet",
    "state": "SD",
    "zip": "57231",
    "phone": "(605) 854-3327",
    "fax": null,
    "email": null,
    "website": "http://www.freefood.org/",
    "hours": "Monday 1:00pm-5:00pm  The TABLE meets every Monday 5:00 pm - 7:00 pm. For a meal fellowship.  For more information, please call  \nGo To Details Page For More Information",
    "description": null,
    "requirements": null,
    "scraped_at": "2025-11-02T20:31:54.481377",
    "latitude": 44.3848368,
    "longitude": -97.5598381,
    "geocoded_address": "DeSmet Events and Wellness Center, Wilder Lane Southwest, De Smet, De Smet Township, Kingsbury County, South Dakota, 57231, United States of America",
    "note": "Geocoded to city center (exact address not found)"
  },
  {
    "url": "https://www.foodpantries.org/li/first_luther-Sioux_-51104",
    "name": "First Lutheran Church Food Pantry",
    "address": "3939 Cheyenne Blvd",
    "city": "Sioux City",
    "state": "IA",
    "zip": "51104",
    "phone": "(712) 239-3942",
    "fax": null,
    "email": null,
    "website": "http://www.freefood.org/",
    "hours": "Wednesdays 9:00am-11:30amYou are eligible to come here every two weeks. When you come here, please bring a form of identification such as drivers license. Enter into the drop off lane by going in the entrance next to the parking lot, park your car as close as you can to the far door, and you are invited to come inside to select from our grocery-like setting of produce and snacks.For more information, please call.\nCounty or Counties Served: Woodbury",
    "description": null,
    "requirements": "Photo ID required. For more information, please call. \nGo To Details Page For More Information",
    "scraped_at": "2025-11-02T20:31:58.279986",
    "latitude": 42.5382284,
    "longitude": -96.3957811,
    "geocoded_address": "First Lutheran Church, 3939, Cheyenne Boulevard, Sioux City, Woodbury County, Iowa, 51104, United States of America"
  },
  {
    "url": "https://www.foodpantries.org/li/american_red-Sioux_-51109",
    "name": "American Red Cross",
    "address": "4900 War Eagle Drive",
    "city": "Sioux City",
    "state": "IA",
    "zip": "51109",
    "phone": "(712) 252-4081",
    "fax": null,
    "email": null,
    "website": "http://www.freefood.org/",
    "hours": "Monday 9:00 - 12:00pm Tuesday - Friday 9:00am - 3:30pm Closed during lunch 12:00pm - 1:00pm For more information, please call. \nGo To Details Page For More Information",
    "description": null,
    "requirements": null,
    "scraped_at": "2025-11-02T20:32:01.175799",
    "latitude": 42.4964891,
    "longitude": -96.4559456,
    "geocoded_address": "War Eagle Drive, Sioux City, Woodbury County, Iowa, 51109, United States of America"
  },
  {
    "url": "https://www.foodpantries.org/li/ia_51104_family-worship-center",
    "name": "Family Worship Center Church Food Panrty",
    "address": "1315 Indian Hills Drive",
    "city": "Sioux City",
    "state": "IA",
    "zip": "51104",
    "phone": "(712) 635-5881",
    "fax": null,
    "email": null,
    "website": "http://www.freefood.org/",
    "hours": "Third Saturday of the month 10:00AM - 12:00PM.Available for anyone in need of assistance with non-perishable food items. \nMission Statement\r\n               \"Making a difference by humbly helping others while preserving the dignity of those we serve.\"\r\n            \nCounty or Counties Served: Woodbury",
    "description": null,
    "requirements": "Photo ID required. For more information, please call. \nGo To Details Page For More Information",
    "scraped_at": "2025-11-02T20:32:03.529846",
    "latitude": 42.5325894,
    "longitude": -96.3927648,
    "geocoded_address": "Family Worship Center, 1315, Indian Hills Drive, Sioux City, Woodbury County, Iowa, 51104, United States of America"
  },
  {
    "url": "https://www.foodpantries.org/li/salvation_ar-Sioux_-51103",
    "name": "Salvation Army",
    "address": "1415 Villa Avenue",
    "city": "Sioux City",
    "state": "IA",
    "zip": "51103",
    "phone": "(712) 255-8836",
    "fax": "(712) 255-0413",
    "email": null,
    "website": "http://www.freefood.org/",
    "hours": "Monday9:00 - 12:00pm Tuesday - Friday 9:00am - 3:30pmClosed during lunch 12:00pm - 1:00pmFor more information, please call.\nCounty or Counties Served: Woodbury",
    "description": null,
    "requirements": null,
    "scraped_at": "2025-11-02T20:32:06.314215",
    "latitude": 42.504204,
    "longitude": -96.4264733,
    "geocoded_address": "1415, Villa Avenue, Sioux City, Woodbury County, Iowa, 51103, United States of America"
  },
  {
    "url": "https://www.foodpantries.org/li/first_united-Sioux_-51106",
    "name": "First United Methodist Church",
    "address": "1915 Nebraska Street",
    "city": "Sioux City",
    "state": "IA",
    "zip": "51104",
    "phone": "(712) 258-0119",
    "fax": "(712) 258-3639",
    "email": null,
    "website": "http://www.freefood.org/",
    "hours": "Wednesday 5:00pm - 6:00pm  Thursday 2:00pm - 3:00pm Hygiene/Personal Care Items Only\r\n                                    \r\n                                    County or Counties Served: Woodbury",
    "description": null,
    "requirements": "Photo ID required. For more information, please call. \nGo To Details Page For More Information",
    "scraped_at": "2025-11-02T20:32:08.868622",
    "latitude": 42.5103604,
    "longitude": -96.4037291,
    "geocoded_address": "1915, Nebraska Street, Sioux City, Woodbury County, Iowa, 51104, United States of America"
  },
  {
    "url": "https://www.foodpantries.org/li/ia_51103_siouxland-soup-kitchen",
    "name": "Siouxland Soup Kitchen",
    "address": "717 W. 7th St",
    "city": "Sioux City",
    "state": "IA",
    "zip": "51103",
    "phone": "(712) 258-0027",
    "fax": null,
    "email": null,
    "website": "http://www.freefood.org/",
    "hours": "Diners - 4:30PM to 5:30PM Monday through Friday. \r\nLunch - Noon to 1:00PM on Saturdays",
    "description": null,
    "requirements": null,
    "scraped_at": "2025-11-02T20:32:11.640781",
    "latitude": 42.5027154,
    "longitude": -96.4166919,
    "geocoded_address": "Siouxland Soup Kitchen, 717, West 7th Street, Sioux City, Woodbury County, Iowa, 51102, United States of America"
  },
  {
    "url": "https://www.foodpantries.org/li/gospel_missi-Sioux_-51103",
    "name": "Gospel Mission",
    "address": "500 Bluff Street",
    "city": "Sioux City",
    "state": "IA",
    "zip": "51103",
    "phone": "(712) 255-1769",
    "fax": null,
    "email": null,
    "website": "http://www.freefood.org/",
    "hours": "Monday - Friday 9:00am - 10:30amDonations: Food items are always welcome or call for pick-up of the donation. Thrift Store Hours:Monday - Friday 9:30am - 5:00pm Saturday 9:30am - 4:30pmFor more information, please call. \nCounty or Counties Served: Woodbury",
    "description": null,
    "requirements": "Photo ID required. For more information, please call. \nGo To Details Page For More Information",
    "scraped_at": "2025-11-02T20:32:14.071747",
    "latitude": 42.497854,
    "longitude": -96.412381,
    "geocoded_address": "500, Bluff Street, Sioux City, Woodbury County, Iowa, 51103, United States of America"
  },
  {
    "url": "https://www.foodpantries.org/li/bethany-mennonite-church-food-pantry",
    "name": "Bethany Mennonite Church - Food Pantry",
    "address": "509 South Juniper Street",
    "city": "Freeman",
    "state": "SD",
    "zip": "57029",
    "phone": "(605) 925-7311",
    "fax": null,
    "email": null,
    "website": "http://www.freefood.org/",
    "hours": "Tuesday 4:30pm  For more information, please call.  \nGo To Details Page For More Information",
    "description": null,
    "requirements": null,
    "scraped_at": "2025-11-02T20:32:16.563209",
    "latitude": 43.3503031,
    "longitude": -97.4388229,
    "geocoded_address": "509, South Juniper Street, Freeman, Grandview Township, Hutchinson County, South Dakota, 57029, United States of America"
  },
  {
    "url": "https://www.foodpantries.org/li/humboldt-food-haven",
    "name": "Humboldt Food Haven",
    "address": "509 South Juniper Street",
    "city": "Freeman",
    "state": "SD",
    "zip": "57035",
    "phone": "(605) 925-7311",
    "fax": null,
    "email": null,
    "website": "http://www.freefood.org/",
    "hours": "Tuesday 4:30pm  For more information, please call.  \nGo To Details Page For More Information",
    "description": null,
    "requirements": null,
    "scraped_at": "2025-11-02T20:32:18.885525",
    "latitude": 43.3503031,
    "longitude": -97.4388229,
    "geocoded_address": "509, South Juniper Street, Freeman, Grandview Township, Hutchinson County, South Dakota, 57029, United States of America"
  },
  {
    "url": "https://www.foodpantries.org/li/gayville-food-pantry",
    "name": "Gayville Food Pantry",
    "address": "509 South Juniper Street",
    "city": "Gayville",
    "state": "SD",
    "zip": "57031",
    "phone": "(605) 925-7311",
    "fax": null,
    "email": null,
    "website": "http://www.freefood.org/",
    "hours": "Tuesday 4:30pm  For more information, please call.  \nGo To Details Page For More Information",
    "description": null,
    "requirements": null,
    "scraped_at": "2025-11-02T20:32:21.381884",
    "latitude": 42.8880666,
    "longitude": -97.1723151,
    "geocoded_address": "Gayville, Gayville Township, Yankton County, South Dakota, United States of America",
    "note": "Geocoded to city center (exact address not found)"
  },
  {
    "url": "https://www.foodpantries.org/li/scotland-area-food-pantry",
    "name": "Scotland Area Food Pantry",
    "address": "350 Poplar Street",
    "city": "Scotland",
    "state": "SD",
    "zip": "57059",
    "phone": "(605) 583-4303",
    "fax": null,
    "email": null,
    "website": "http://www.freefood.org/",
    "hours": "Tuesday4:30pm - 7:00pmFor more information, please call.",
    "description": null,
    "requirements": null,
    "scraped_at": "2025-11-02T20:32:25.110789",
    "latitude": 43.150702,
    "longitude": -97.7172361,
    "geocoded_address": "350, Poplar Street, Scotland, Scotland Township, Bon Homme County, South Dakota, 57059, United States of America"
  },
  {
    "url": "https://www.foodpantries.org/li/yankton-assembley-of-god",
    "name": "First Assembly",
    "address": "801 West 25th Street",
    "city": "Yankton",
    "state": "SD",
    "zip": "57078",
    "phone": "(605) 665-6362",
    "fax": null,
    "email": null,
    "website": "http://www.freefood.org/",
    "hours": "Tuesday 4:30pm - 7:00pm  For more information, please call.",
    "description": null,
    "requirements": null,
    "scraped_at": "2025-11-02T20:32:28.083436",
    "latitude": 42.8979419,
    "longitude": -97.397103,
    "geocoded_address": "West 25th Street, Yankton, Mission Hill South Township, Yankton County, South Dakota, 57078, United States of America"
  },
  {
    "url": "https://www.foodpantries.org/li/cowboy-way-church",
    "name": "Cowboy Way Church",
    "address": "46089 263rd Street",
    "city": "Hartford",
    "state": "SD",
    "zip": "57033",
    "phone": "(605) 351-1453",
    "fax": null,
    "email": null,
    "website": "http://www.freefood.org/",
    "hours": "The first 3 Wednesdays and Saturdays of the month (St\nGo To Details Page For More Information",
    "description": null,
    "requirements": null,
    "scraped_at": "2025-11-02T20:32:31.667729",
    "latitude": 43.6225937,
    "longitude": -96.9458791,
    "geocoded_address": "Hartford, Hartford Township, Minnehaha County, South Dakota, 57033, United States of America",
    "note": "Geocoded to city center (exact address not found)"
  },
  {
    "url": "https://www.foodpantries.org/li/miner-county-office-inter-lakes-community-action-partnership",
    "name": "Miner County Office - Inter-Lakes Community Action Partnership",
    "address": "108 E. Highway 34",
    "city": "Howard",
    "state": "SD",
    "zip": "57349",
    "phone": "(605) 772-5712",
    "fax": null,
    "email": null,
    "website": "http://www.freefood.org/",
    "hours": null,
    "description": null,
    "requirements": null,
    "scraped_at": "2025-11-02T20:32:36.536571",
    "latitude": 44.0082701,
    "longitude": -97.5224517,
    "geocoded_address": "East SD Highway 34, Howard, Howard Township, Miner County, South Dakota, 57349, United States of America"
  },
  {
    "url": "https://www.foodpantries.org/li/salvation-army-huron",
    "name": "Salvation Army - Huron",
    "address": "237 Illinois SW",
    "city": "Huron",
    "state": "SD",
    "zip": "57350",
    "phone": "(605) 352-3438",
    "fax": null,
    "email": null,
    "website": "http://www.freefood.org/",
    "hours": "Tuesday, Thursday ans Saturday \r\n12:00pm 4:00pm \r\n \r\nFor more information, please call.",
    "description": null,
    "requirements": null,
    "scraped_at": "2025-11-02T20:32:39.556975",
    "latitude": 44.3639795,
    "longitude": -98.2175727,
    "geocoded_address": "237, Illinois Avenue Southwest, Huron, Clyde Township, Beadle County, South Dakota, 57350, United States of America"
  },
  {
    "url": "https://www.foodpantries.org/li/helping-hands-huron",
    "name": "Helping Hands - Huron",
    "address": "403 Dakota Ave N",
    "city": "Huron",
    "state": "SD",
    "zip": "57350",
    "phone": "(605) 352-6015",
    "fax": null,
    "email": null,
    "website": "http://www.freefood.org/",
    "hours": "Tuesday, Thursday ans Saturday\r\n12:00pm 4:00pm\n\r\nFor more information, please call.",
    "description": null,
    "requirements": null,
    "scraped_at": "2025-11-02T20:32:42.886546",
    "latitude": 44.370619,
    "longitude": -98.214272,
    "geocoded_address": "403, Dakota Avenue North, Huron, Theresa Township, Beadle County, South Dakota, 57350, United States of America"
  },
  {
    "url": "https://www.foodpantries.org/li/sanborn-county-food-pantry",
    "name": "Sanborn County Food Pantry",
    "address": "604 W. 6th Street",
    "city": "Woonsocket",
    "state": "SD",
    "zip": "57385",
    "phone": "(605) 796-4516",
    "fax": null,
    "email": null,
    "website": "http://www.freefood.org/",
    "hours": "Tuesday, Thursday ans Saturday \r\n12:00pm 4:00pm \r\n \r\nFor more information, please call.",
    "description": null,
    "requirements": null,
    "scraped_at": "2025-11-02T20:32:46.785750",
    "latitude": 44.052995,
    "longitude": -98.278807,
    "geocoded_address": "604, West 6th Street, Woonsocket, Woonsocket Township, Sanborn County, South Dakota, 57385, United States of America"
  },
  {
    "url": "https://www.foodpantries.org/li/edmunds-county-food-pantry",
    "name": "Edmunds County Food Pantry",
    "address": "210 2nd Avenue",
    "city": "Ipswich",
    "state": "SD",
    "zip": "57451",
    "phone": "(605) 426-6257",
    "fax": null,
    "email": null,
    "website": "http://www.freefood.org/",
    "hours": null,
    "description": null,
    "requirements": null,
    "scraped_at": "2025-11-02T20:32:49.529832",
    "latitude": 45.445399,
    "longitude": -99.0252605,
    "geocoded_address": "210, 2nd Avenue, Ipswich, Edmunds County, South Dakota, 57451, United States of America"
  },
  {
    "url": "https://www.foodpantries.org/li/rural-office-community-services-inc",
    "name": "Rural Office Community Services, Inc",
    "address": "140 Hwy 50",
    "city": "Lake Andes",
    "state": "SD",
    "zip": "57356",
    "phone": "(605) 487-7634",
    "fax": null,
    "email": null,
    "website": "http://www.freefood.org/",
    "hours": null,
    "description": null,
    "requirements": null,
    "scraped_at": "2025-11-02T20:32:52.551077",
    "latitude": 43.1515409,
    "longitude": -98.5311572,
    "geocoded_address": "SD Highway 50, Lake Andes, White Swan Township, Charles Mix County, South Dakota, 57356, United States of America"
  },
  {
    "url": "https://www.foodpantries.org/li/native-american-womens-health-ed-resource-center",
    "name": "Native American Women\\'s Health Ed. Resource Center",
    "address": "809 High Street",
    "city": "Lake Andes",
    "state": "SD",
    "zip": "57356",
    "phone": "(605) 487-7072",
    "fax": null,
    "email": null,
    "website": "http://www.freefood.org/",
    "hours": null,
    "description": null,
    "requirements": null,
    "scraped_at": "2025-11-02T20:32:55.203559",
    "latitude": 43.1572866,
    "longitude": -98.5344727,
    "geocoded_address": "809, High Street, Lake Andes, White Swan Township, Charles Mix County, South Dakota, 57356, United States of America"
  },
  {
    "url": "https://www.foodpantries.org/li/wagner-food-pantry",
    "name": "Wagner Food Pantry",
    "address": "Armory on Highway 46",
    "city": "Wagner",
    "state": "SD",
    "zip": "57380",
    "phone": "(605) 384-3253",
    "fax": null,
    "email": null,
    "website": "http://www.freefood.org/",
    "hours": null,
    "description": null,
    "requirements": null,
    "scraped_at": "2025-11-02T20:32:57.528489",
    "latitude": 43.079716,
    "longitude": -98.293134,
    "geocoded_address": "Wagner, Lawrence Township, Charles Mix County, South Dakota, 57380, United States of America",
    "note": "Geocoded to city center (exact address not found)"
  },
  {
    "url": "https://www.foodpantries.org/li/grant-county-inter-lakes-community-action-partnership",
    "name": "Grant County  Inter-lakes Community Action Partnership",
    "address": "210 E 5th Ave.",
    "city": "Milbank",
    "state": "SD",
    "zip": "57252",
    "phone": "(605) 432-6571",
    "fax": "(605) 432-7518",
    "email": null,
    "website": "http://www.freefood.org/",
    "hours": "Mon: 1-4pm; Thurs: 9-12pm\nGo To Details Page For More Information",
    "description": null,
    "requirements": null,
    "scraped_at": "2025-11-02T20:33:01.514151",
    "latitude": 45.2178628,
    "longitude": -96.6368027,
    "geocoded_address": "210, East 5th Avenue, Milbank, Alban Township, Grant County, South Dakota, 57252, United States of America"
  },
  {
    "url": "https://www.foodpantries.org/li/big-stone-lake-area-emergency-food-shelf",
    "name": "Big Stone Lake Area Emergency Food Shelf",
    "address": "125 NW Second Street",
    "city": "Ortonville",
    "state": "MN",
    "zip": "56278",
    "phone": "(320) 839-2111",
    "fax": null,
    "email": null,
    "website": "http://www.freefood.org/",
    "hours": "Thursday 2:00pm to 5:00pm  For more information, please call.  \nGo To Details Page For More Information",
    "description": null,
    "requirements": null,
    "scraped_at": "2025-11-02T20:33:03.984400",
    "latitude": 45.304687,
    "longitude": -96.444779,
    "geocoded_address": "Ortonville, Big Stone County, Minnesota, 56278, United States of America",
    "note": "Geocoded to city center (exact address not found)"
  },
  {
    "url": "https://www.foodpantries.org/li/big_stone_emergency_food_shelf_56278",
    "name": "Big Stone Emergency Food Shelf",
    "address": "125 N.W. 2nd St.",
    "city": "Ortonville",
    "state": "MN",
    "zip": "56278",
    "phone": null,
    "fax": null,
    "email": null,
    "website": "http://www.freefood.org/",
    "hours": "Mon: 1-4pm; Thurs: 9-12pm\r\n                                    \r\n                                                                        \n* Important: Please call the food pantries to confirm that the hours have not changed. We do our best to provide full information and details, but food pantries often change their hours without notifying us. We do not want you to waste your time visiting a pantry that is not open.",
    "description": null,
    "requirements": null,
    "scraped_at": "2025-11-02T20:33:06.945207",
    "latitude": 45.304687,
    "longitude": -96.444779,
    "geocoded_address": "Ortonville, Big Stone County, Minnesota, 56278, United States of America",
    "note": "Geocoded to city center (exact address not found)"
  },
  {
    "url": "https://www.foodpantries.org/li/salvation-army-mitchell",
    "name": "Salvation Army - Mitchell",
    "address": "724 N. Sanborn Boulevard",
    "city": "Mitchell",
    "state": "SD",
    "zip": "57301",
    "phone": "(605) 996-3964",
    "fax": null,
    "email": null,
    "website": "http://www.freefood.org/",
    "hours": "Monday - Friday\r\n 12:00am - 3:00pm\n\r\nSoup Kitchen Hours:\r\nMonday - Friday\r\n11:30am - 12:30pm\n\r\nFor more information, please call. \nCounty or Counties Served: Davison",
    "description": null,
    "requirements": null,
    "scraped_at": "2025-11-02T20:33:10.309000",
    "latitude": 43.7158507,
    "longitude": -98.0296681,
    "geocoded_address": "724, North Sanborn Boulevard, Mitchell, Mitchell Township, Davison County, South Dakota, 57301, United States of America"
  },
  {
    "url": "https://www.foodpantries.org/li/Feeding_South_Dakota",
    "name": "Feeding South Dakota Pierre",
    "address": "2900 Airport Rd",
    "city": "Pierre",
    "state": "SD",
    "zip": "57501",
    "phone": null,
    "fax": null,
    "email": null,
    "website": "http://www.freefood.org/",
    "hours": null,
    "description": null,
    "requirements": null,
    "scraped_at": "2025-11-02T20:33:12.416792",
    "latitude": 44.3821909,
    "longitude": -100.3126711,
    "geocoded_address": "2900, Airport Road, Pierre, Buckeye Township, Hughes County, South Dakota, 57501, United States of America"
  },
  {
    "url": "https://www.foodpantries.org/li/aurora-county-food-pantry",
    "name": "Aurora County Food Pantry",
    "address": "23 Miles Away",
    "city": "Plankinton",
    "state": "SD",
    "zip": "57368",
    "phone": "(605) 942-7518",
    "fax": null,
    "email": null,
    "website": "http://www.freefood.org/",
    "hours": null,
    "description": null,
    "requirements": null,
    "scraped_at": "2025-11-02T20:33:16.798365",
    "latitude": 43.714461,
    "longitude": -98.485005,
    "geocoded_address": "Plankinton, Plankinton Township, Aurora County, South Dakota, 57368, United States of America",
    "note": "Geocoded to city center (exact address not found)"
  },
  {
    "url": "https://www.foodpantries.org/li/rapid_city_food_pantry_57701",
    "name": "Feeding South Dakota- Rapid City",
    "address": "1111 N. Creek Drive",
    "city": "Rapid City",
    "state": "SD",
    "zip": "57703",
    "phone": "(605) 348-2689",
    "fax": "(605) 348-1919",
    "email": null,
    "website": "http://www.freefood.org/",
    "hours": "Monday        8:00 AM - 4:30 PM| \r\nTuesday       8:00 AM - 4:30 PM| \r\nWednesday 8:00 AM - 4:30 PM| \r\nThursday     8:00 AM - 4:30 PM| \r\nFriday          8:00 AM - 4:30 PM| \r\nSaturday      closed| \r\nSunday        closed\nCounty or Counties Served: Pennington",
    "description": null,
    "requirements": null,
    "scraped_at": "2025-11-02T20:33:20.468014",
    "latitude": 44.0963523,
    "longitude": -103.1785947,
    "geocoded_address": "Feeding South Dakota, 1111, North Creek Drive, Rapid City, Pennington County, South Dakota, 57703, United States of America"
  },
  {
    "url": "https://www.foodpantries.org/li/tri-county-good-samaritan-center",
    "name": "Tri-County Good Samaritan Center",
    "address": "19 E. 7th Avenue",
    "city": "Redfield",
    "state": "SD",
    "zip": "57469",
    "phone": "(605) 472-3314",
    "fax": null,
    "email": null,
    "website": "http://www.freefood.org/",
    "hours": null,
    "description": null,
    "requirements": null,
    "scraped_at": "2025-11-02T20:33:22.741206",
    "latitude": 44.8758773,
    "longitude": -98.5181335,
    "geocoded_address": "19, East 7th Avenue, Redfield, Redfield Township, Spink County, South Dakota, 57469, United States of America"
  }
]