[
  {
    "url": "https://www.foodpantries.org/li/afton-food-pantry",
    "name": "Afton Food Pantry",
    "address": "710 N Washington St",
    "city": "Afton",
    "state": "WY",
    "zip": "83110",
    "phone": "(307) 887-3663",
    "fax": null,
    "email": null,
    "website": "http://www.freefood.org/",
    "hours": "Every week on Thursdays from 5:00pm- 6:00pm",
    "description": null,
    "requirements": null,
    "scraped_at": "2025-11-02T15:34:10.684519",
    "latitude": 42.7463842,
    "longitude": -110.9337071,
    "geocoded_address": "Afton Food Pantry, 710, North Washington Street, Afton, Lincoln County, Wyoming, 83110, United States of America"
  },
  {
    "url": "https://www.foodpantries.org/li/alcova-baptist-church-food-bank",
    "name": "Alcova Baptist Church Food Bank",
    "address": "21295 Kortes Road (aka County Road 407)",
    "city": "Alcova",
    "state": "WY",
    "zip": "82620",
    "phone": "(307) 235-0524",
    "fax": null,
    "email": null,
    "website": "http://www.freefood.org/",
    "hours": "1 to 4 p.m. Thursdays.\r\n                                    \r\n                                                                        \n* Important: Please call the food pantries to confirm that the hours have not changed. We do our best to provide full information and details, but food pantries often change their hours without notifying us. We do not want you to waste your time visiting a pantry that is not open.",
    "description": null,
    "requirements": "Photo I.D Utility Bill Fill out a page for registration (On your first visit) \nGo To Details Page For More Information",
    "scraped_at": "2025-11-02T15:34:14.110358",
    "latitude": 42.5521887,
    "longitude": -106.7164239,
    "geocoded_address": "Alcova, Natrona County, Wyoming, United States of America",
    "note": "Geocoded to city center (exact address not found)"
  },
  {
    "url": "https://www.foodpantries.org/li/wy_casper_poverty-resistance-food-pantry",
    "name": "Poverty Resistance Food Pantry",
    "address": "450 S. Wolcott",
    "city": "Casper",
    "state": "WY",
    "zip": "82601",
    "phone": "(307) 253-8955",
    "fax": null,
    "email": null,
    "website": "http://www.freefood.org/",
    "hours": "Monday to Saturday 10:00 am to 2:00 pm\nVolunteering Information:https://www.povertyresistance.org/volunteer \nCounty or Counties Served: Natrona",
    "description": null,
    "requirements": "No ID required to receive food.  \nGo To Details Page For More Information",
    "scraped_at": "2025-11-02T15:34:16.857058",
    "latitude": 42.8590994,
    "longitude": -106.3238409,
    "geocoded_address": "North Wolcott Street, Casper, Natrona County, Wyoming, 82601, United States of America"
  },
  {
    "url": "https://www.foodpantries.org/li/wyoming-food-bank-of-the-rockies",
    "name": "Wyoming Food Bank of The Rockies",
    "address": "4976 Paige St",
    "city": "Casper",
    "state": "WY",
    "zip": "82604",
    "phone": "(307) 265-2172",
    "fax": null,
    "email": null,
    "website": "http://www.freefood.org/",
    "hours": "Wednesdays 12:30pm - 3:30pm In the basement  For more information, please call.  \nGo To Details Page For More Information",
    "description": null,
    "requirements": "Photo I.D Utility Bill Fill out a page for registration (On your first visit) \nGo To Details Page For More Information",
    "scraped_at": "2025-11-02T15:34:18.997687",
    "latitude": 42.8501191,
    "longitude": -106.325138,
    "geocoded_address": "Casper, Natrona County, Wyoming, United States of America",
    "note": "Geocoded to city center (exact address not found)"
  },
  {
    "url": "https://www.foodpantries.org/li/college-heights-baptist-church",
    "name": "College Heights Baptist Church - Oasis Food Pantry",
    "address": "1927 S. Walnut St.",
    "city": "Casper",
    "state": "WY",
    "zip": "82601",
    "phone": "(307) 224-4104",
    "fax": null,
    "email": "rshoevet@yahoo.com",
    "website": "http://www.freefood.org/",
    "hours": "Thursday10:00am - 4:00pmContact Sheri and Ray Hoevet\u00a0to volunteer. For more information, please call.\nCounty or Counties Served: Natrona",
    "description": null,
    "requirements": "Photo ID on your first visit.  \nGo To Details Page For More Information",
    "scraped_at": "2025-11-02T15:34:21.956149",
    "latitude": 42.831073,
    "longitude": -106.3331541,
    "geocoded_address": "1927, South Walnut Street, Casper, Natrona County, Wyoming, 82601, United States of America"
  },
  {
    "url": "https://www.foodpantries.org/li/faith-assembly-of-god",
    "name": "Radius Church - Helping Hands Community Services Food Pantry",
    "address": "4301 Casper Mountain Road",
    "city": "Casper",
    "state": "WY",
    "zip": "82601",
    "phone": "(307) 265-9121",
    "fax": "(307) 472-6684",
    "email": null,
    "website": "http://www.freefood.org/",
    "hours": "Tuesdays 11:00 am - 3:00 pmLocated at the south (back) entrance.For more information, please call.\nCounty or Counties Served: Natrona",
    "description": null,
    "requirements": "Photo ID on your first visit.  \nGo To Details Page For More Information",
    "scraped_at": "2025-11-02T15:34:24.128236",
    "latitude": 42.8073019,
    "longitude": -106.3302572,
    "geocoded_address": "4301, Casper Mountain Road, Casper, Natrona County, Wyoming, 82601, United States of America"
  },
  {
    "url": "https://www.foodpantries.org/li/first-church-of-the-nazarene1",
    "name": "Manna Closet Ministry Food Pantry at First Church of the Nazarene",
    "address": "2020 S. Jefferson St.",
    "city": "Casper",
    "state": "WY",
    "zip": "82601",
    "phone": "(307) 234-9601",
    "fax": null,
    "email": null,
    "website": "http://www.freefood.org/",
    "hours": "Every other Saturday from 9:00am-12:00pmRequirements:Photo ID on your first visit.\nCounty or Counties Served: Natrona",
    "description": null,
    "requirements": "Photo ID on your first visit.\nCounty or Counties Served: Natrona",
    "scraped_at": "2025-11-02T15:34:25.977660",
    "latitude": 42.8289723,
    "longitude": -106.313582,
    "geocoded_address": "2020, South Jefferson Street, Casper, Natrona County, Wyoming, 82601, United States of America"
  },
  {
    "url": "https://www.foodpantries.org/li/holy-cross-center",
    "name": "Holy Cross Center",
    "address": "1030 N. Lincoln Street",
    "city": "Casper",
    "state": "WY",
    "zip": "82601",
    "phone": "(307) 577-1041",
    "fax": null,
    "email": null,
    "website": "http://www.freefood.org/",
    "hours": "Weekday 10:00am to 12:00pm 1:00pm to 3:00pm (closed holidays)For more information, please call. \nCounty or Counties Served: Natrona",
    "description": null,
    "requirements": "125% of poverty level and fill out financial status forms. FEES: None GEOGRAPHICAL AREA SERVED\nGo To Details Page For More Information",
    "scraped_at": "2025-11-02T15:34:28.223473",
    "latitude": 42.8603137,
    "longitude": -106.3153,
    "geocoded_address": "1030, North Lincoln Street, Casper, Natrona County, Wyoming, 82601, United States of America"
  },
  {
    "url": "https://www.foodpantries.org/li/joshuas-storehouse",
    "name": "Joshua's Storehouse",
    "address": "334 S. Wolcott St.",
    "city": "Casper",
    "state": "WY",
    "zip": "82601",
    "phone": "(307) 265-0242",
    "fax": null,
    "email": null,
    "website": "http://www.freefood.org/",
    "hours": "1 to 3:30 p.m. Mondays, 9:30 a.m to noon and 1 to 3:30 p.m. Tuesdays and Thursdays, 10 a.m. to noon and 1 to 3 p.m. Fridays.Required: Two forms of identification for adults, such as a driver's license, green card or social security card; one form of identification for children, such as a Social Security card.",
    "description": null,
    "requirements": "No ID required to receive food.  \nGo To Details Page For More Information",
    "scraped_at": "2025-11-02T15:34:30.127754",
    "latitude": 42.847515,
    "longitude": -106.323864,
    "geocoded_address": "334, South Wolcott Street, Casper, Natrona County, Wyoming, 82601, United States of America"
  },
  {
    "url": "https://www.foodpantries.org/li/our-saviors-lutheran-church",
    "name": "Our Savior's Lutheran Church",
    "address": "318 E. Sixth Street",
    "city": "Casper",
    "state": "WY",
    "zip": "82601",
    "phone": "(307) 237-9087",
    "fax": null,
    "email": null,
    "website": "http://www.freefood.org/",
    "hours": "12:30 to 1:30 p.m. \r\nThe third Sunday of each month\r\nOr by appointment.\n\r\nFor more information, please call. \nCounty or Counties Served: Natrona",
    "description": null,
    "requirements": "No ID required to receive food.  \nGo To Details Page For More Information",
    "scraped_at": "2025-11-02T15:34:32.261380",
    "latitude": 42.8501191,
    "longitude": -106.325138,
    "geocoded_address": "Casper, Natrona County, Wyoming, United States of America",
    "note": "Geocoded to city center (exact address not found)"
  },
  {
    "url": "https://www.foodpantries.org/li/restoration-church",
    "name": "Restoration Church",
    "address": "411 S. Walsh Dr.",
    "city": "Casper",
    "state": "WY",
    "zip": "82609",
    "phone": "(307) 235-9100",
    "fax": null,
    "email": null,
    "website": "http://www.freefood.org/",
    "hours": "The 3rd Wednesday of the month 4:00pm to 6:00 pm Requirements: Photo identification. Use the Gannett Street entrance.\r\n                                    \r\n                                    County or Counties Served: Natrona",
    "description": null,
    "requirements": "Photo identification. Use the Gannett Street entrance.\r\n                                    \r\n                                    County or Counties Served: Natrona",
    "scraped_at": "2025-11-02T15:34:35.144259",
    "latitude": 42.8470076,
    "longitude": -106.2759983,
    "geocoded_address": "Restoration Church, 411, South Walsh Drive, Casper, Natrona County, Wyoming, 82609, United States of America"
  },
  {
    "url": "https://www.foodpantries.org/li/the-salvation-army-casper",
    "name": "The Salvation Army Goodstein Hope Center - Food Pantry",
    "address": "441 S. Center St.",
    "city": "Casper",
    "state": "WY",
    "zip": "82601",
    "phone": "(307) 234-2002",
    "fax": null,
    "email": null,
    "website": "http://www.freefood.org/",
    "hours": "Tuesdays and Thursdays 9:00a.m. to 11:45p.m. Social Service Hours:Monday to Thursday 9:00am to 5:00pmRequired: Fill out paperwork. No one is denied. Food boxes are limited to once a month.\nCounty or Counties Served: Natrona",
    "description": null,
    "requirements": "No ID required to receive food.  \nGo To Details Page For More Information",
    "scraped_at": "2025-11-02T15:34:37.344521",
    "latitude": 42.8462081,
    "longitude": -106.3250668,
    "geocoded_address": "441, South Center Street, Casper, Natrona County, Wyoming, 82601, United States of America"
  },
  {
    "url": "https://www.foodpantries.org/li/central-wyoming-rescue-mission",
    "name": "Central Wyoming Rescue Mission",
    "address": "230 N. Park St.",
    "city": "Casper",
    "state": "WY",
    "zip": "82601",
    "phone": "(307) 268-4474",
    "fax": null,
    "email": null,
    "website": "http://www.freefood.org/",
    "hours": "On weekdays, continental breakfast is served at 6 a.m., lunch is served at noon and dinner is served at 6 p.m. On weekends and holidays, brunch is served at 11 a.m. and dinner is served at 5 p.m.",
    "description": null,
    "requirements": "No ID required to receive food.  \nGo To Details Page For More Information",
    "scraped_at": "2025-11-02T15:34:39.460818",
    "latitude": 42.8519763,
    "longitude": -106.3182102,
    "geocoded_address": "230, North Park Street, Casper, Natrona County, Wyoming, 82601, United States of America"
  },
  {
    "url": "https://www.foodpantries.org/li/first-united-methodist-church-mission-dinners",
    "name": "First United Methodist Church Mission Dinners",
    "address": "112 Beech St.",
    "city": "Casper",
    "state": "WY",
    "zip": "82601",
    "phone": "(307) 234-9385",
    "fax": null,
    "email": null,
    "website": "http://www.freefood.org/",
    "hours": "Meals are served at 6 p.m. Tuesdays and 5 p.m. Sundays.",
    "description": null,
    "requirements": "No ID required to receive food.  \nGo To Details Page For More Information",
    "scraped_at": "2025-11-02T15:34:41.818429",
    "latitude": 42.8508486,
    "longitude": -106.3210474,
    "geocoded_address": "112, North Beech Street, Casper, Natrona County, Wyoming, 82601, United States of America"
  },
  {
    "url": "https://www.foodpantries.org/li/loaves-and-fishes",
    "name": "Loaves and Fishes",
    "address": "900 N. Grant St.",
    "city": "Casper",
    "state": "WY",
    "zip": "82601",
    "phone": "(307) 247-2324",
    "fax": null,
    "email": null,
    "website": "http://www.freefood.org/",
    "hours": "Monday- Friday, 11:00am- 1:00pmSERVICES: Hot lunch served from 11:00am to 1:00pm Monday through Friday or each week.ELIGIBILITY REQUIREMENTS: 125% of poverty level and fill out financial status forms.FEES: NoneGEOGRAPHICAL AREA SERVED: Casper community, located in North Casper.APPLICATION PROCEDURES: The application process is to fill out a one-time registration form, giving information about status. We accept referrals and walk-ins.",
    "description": null,
    "requirements": null,
    "scraped_at": "2025-11-02T15:34:43.831463",
    "latitude": 42.859291,
    "longitude": -106.317256,
    "geocoded_address": "900, North Grant Street, Casper, Natrona County, Wyoming, 82601, United States of America"
  },
  {
    "url": "https://www.foodpantries.org/li/the-salvation-army-hope-center",
    "name": "The Salvation Army - Corps Community Center",
    "address": "625 S Jefferson Street",
    "city": "Casper",
    "state": "WY",
    "zip": "82601",
    "phone": "(307) 234-1368",
    "fax": null,
    "email": null,
    "website": "http://www.freefood.org/",
    "hours": "Tuesday and Thursday 9:00 am to 11:45 amFor more information, please call. \nCounty or Counties Served: Natrona",
    "description": null,
    "requirements": "No ID required to receive food.  \nGo To Details Page For More Information",
    "scraped_at": "2025-11-02T15:34:45.879233",
    "latitude": 42.8444811,
    "longitude": -106.3137355,
    "geocoded_address": "625, South Jefferson Street, Casper, Natrona County, Wyoming, 82601, United States of America"
  },
  {
    "url": "https://www.foodpantries.org/li/joshuas-storehouse-distribution-center-inc",
    "name": "Joshua\\'s Storehouse & Distribution Center, Inc.",
    "address": "334 S Wolcott St",
    "city": "Casper",
    "state": "WY",
    "zip": "82601",
    "phone": "(307) 265-0242",
    "fax": null,
    "email": null,
    "website": "http://www.freefood.org/",
    "hours": "1 to 3:30 p.m. Mondays, 9:30 a.m to noon and 1 to 3:30 p.m. Tuesdays and Thursdays, 10 a.m. to noon and 1 to 3 p.m. Fridays. Required: Two forms of identification for adults, such as a driver's license, green card or social security card; one form of identification for children, such as a Soc\nGo To Details Page For More Information",
    "description": null,
    "requirements": "No ID required to receive food.  \nGo To Details Page For More Information",
    "scraped_at": "2025-11-02T15:34:48.061384",
    "latitude": 42.847515,
    "longitude": -106.323864,
    "geocoded_address": "334, South Wolcott Street, Casper, Natrona County, Wyoming, 82601, United States of America"
  },
  {
    "url": "https://www.foodpantries.org/li/wy_82601_breaking-bread-food-pantry",
    "name": "Breaking Bread Food Pantry - Casper Community Church",
    "address": "249 N. Wolcott Street",
    "city": "Casper",
    "state": "WY",
    "zip": "82601",
    "phone": "(307) 258-6024",
    "fax": null,
    "email": null,
    "website": "http://www.freefood.org/",
    "hours": "Saturday 9:00-11:00am. Requirements: No ID required to receive food.\nVolunteering Information:If you would like to volunteer at our program, please call Director Evony Charest @ 307-258-6024. \nCounty or Counties Served: Natrona",
    "description": null,
    "requirements": "No ID required to receive food.\nVolunteering Information:If you would like to volunteer at our program, please call Director Evony Charest @ 307-258-6024. \nCounty or Counties Served: Natrona",
    "scraped_at": "2025-11-02T15:34:50.083044",
    "latitude": 42.8520411,
    "longitude": -106.3236265,
    "geocoded_address": "249, North Wolcott Street, Casper, Natrona County, Wyoming, 82601, United States of America"
  },
  {
    "url": "https://www.foodpantries.org/li/wy_casper_mountain-view-baptist-church-food-pantry",
    "name": "Mountain View Baptist Church Food Pantry",
    "address": "4250 Poison Spider Road",
    "city": "Casper",
    "state": "WY",
    "zip": "82604",
    "phone": "(307) 234-4381",
    "fax": null,
    "email": null,
    "website": "http://www.freefood.org/",
    "hours": "Wednesdays 12:30 - 3:30 p.m.Requirements:Photo I.DUtility BillFill out a page for registration (On your first visit)\nCounty or Counties Served: Natrona",
    "description": null,
    "requirements": "Photo I.DUtility BillFill out a page for registration (On your first visit)\nCounty or Counties Served: Natrona",
    "scraped_at": "2025-11-02T15:34:52.027833",
    "latitude": 42.8501191,
    "longitude": -106.325138,
    "geocoded_address": "Casper, Natrona County, Wyoming, United States of America",
    "note": "Geocoded to city center (exact address not found)"
  },
  {
    "url": "https://www.foodpantries.org/li/st-joseph-catholic-church",
    "name": "St. Joseph Catholic Church",
    "address": "321 East 6th St.",
    "city": "Cheyenne",
    "state": "WY",
    "zip": "82001",
    "phone": "(307) 634-4625",
    "fax": null,
    "email": null,
    "website": "http://www.freefood.org/",
    "hours": "Monday-Thursday \r\n 8:300am - 4:30pm \r\n Friday \r\n8:00am - 3:30pm \r\n \r\nThe essential services we provide to our clients include: \r\n\u00a0\u00a0\u00a0 Emergency food provision \r\n\u00a0\u00a0\u00a0 Clothing assistance \r\n\u00a0\u00a0\u00a0 Referrals to other health and human service agencies \r\n\u00a0\u00a0\u00a0 School supplies \r\n\u00a0\u00a0\nGo To Details Page For More Information",
    "description": null,
    "requirements": null,
    "scraped_at": "2025-11-02T15:34:54.874154",
    "latitude": 41.125227,
    "longitude": -104.8052127,
    "geocoded_address": "321, East 6th Street, Cheyenne, Laramie County, Wyoming, 82097, United States of America"
  },
  {
    "url": "https://www.foodpantries.org/li/needs-inc",
    "name": "Needs, Inc.",
    "address": "900 Central Avenue",
    "city": "Cheyenne",
    "state": "WY",
    "zip": "82007",
    "phone": "(307) 632-4132",
    "fax": null,
    "email": null,
    "website": "http://www.needsinc.org",
    "hours": null,
    "description": null,
    "requirements": null,
    "scraped_at": "2025-11-02T15:34:56.932417",
    "latitude": 41.127026,
    "longitude": -104.810294,
    "geocoded_address": "900, Central Avenue, Cheyenne, Laramie County, Wyoming, 82007, United States of America"
  },
  {
    "url": "https://www.foodpantries.org/li/comea-shelter",
    "name": "Comea Shelter",
    "address": "1504 Stinson Ave",
    "city": "Cheyenne",
    "state": "WY",
    "zip": "82001",
    "phone": "(307) 632-3174",
    "fax": "(307) 635-5240",
    "email": null,
    "website": "http://www.freefood.org/",
    "hours": "Monday-Thursday \r\n 8:300am - 4:30pm \r\n Friday \r\n8:00am - 3:30pm \r\n \r\nThe essential services we provide to our clients include: \r\n\u00a0\u00a0\u00a0 Emergency food provision \r\n\u00a0\u00a0\u00a0 Clothing assistance \r\n\u00a0\u00a0\u00a0 Referrals to other health and human service agencies \r\n\u00a0\u00a0\u00a0 School supplies \r\n\u00a0\u00a0\nGo To Details Page For More Information",
    "description": null,
    "requirements": null,
    "scraped_at": "2025-11-02T15:35:00.970765",
    "latitude": 41.1266446,
    "longitude": -104.8297178,
    "geocoded_address": "Comea Shelter for Homeless, 1504, Stinson Avenue, Cheyenne, Laramie County, Wyoming, 82001, United States of America"
  },
  {
    "url": "https://www.foodpantries.org/li/sunnyside-southern-baptist-church",
    "name": "Sunnyside Southern Baptist Church",
    "address": "3411 Cleveland Ave",
    "city": "Cheyenne",
    "state": "WY",
    "zip": "82001",
    "phone": null,
    "fax": null,
    "email": null,
    "website": "http://www.freefood.org/",
    "hours": "Friday \r\n 9:00am - 11:00am \r\nPick up boxes in church parking lototherwise 8:30am - 11:30am \r\n \r\nFor more information, please call.",
    "description": null,
    "requirements": null,
    "scraped_at": "2025-11-02T15:35:02.793360",
    "latitude": 41.1475883,
    "longitude": -104.7563057,
    "geocoded_address": "3411, Cleveland Avenue, Cheyenne, Laramie County, Wyoming, 82001, United States of America"
  },
  {
    "url": "https://www.foodpantries.org/li/wy_82007_lccc-western-states-bank-student-food-pantry",
    "name": "LCCC Western States Bank Student Food Pantry",
    "address": "1400 E College Drive",
    "city": "Cheyenne",
    "state": "WY",
    "zip": "82007",
    "phone": "(307) 778-1182",
    "fax": null,
    "email": null,
    "website": "http://www.freefood.org/",
    "hours": "Monday-Thursday \r\n 8:300am - 4:30pm \r\n Friday \r\n8:00am - 3:30pm \r\n \r\nThe essential services we provide to our clients include: \r\n\u00a0\u00a0\u00a0 Emergency food provision \r\n\u00a0\u00a0\u00a0 Clothing assistance \r\n\u00a0\u00a0\u00a0 Referrals to other health and human service agencies \r\n\u00a0\u00a0\u00a0 School supplies \r\n\u00a0\u00a0\nGo To Details Page For More Information",
    "description": null,
    "requirements": null,
    "scraped_at": "2025-11-02T15:35:04.877555",
    "latitude": 41.1045047,
    "longitude": -104.7829668,
    "geocoded_address": "LCCC Athletic Fields, 1400, East College Drive, Cheyenne, Laramie County, Wyoming, 82007, United States of America"
  },
  {
    "url": "https://www.foodpantries.org/li/wy_82001_gods-cupboard-st-christophers-episcopal-church",
    "name": "God's Cupboard - St Christopher's Episcopal Church",
    "address": "2602 Deming Blvd",
    "city": "Cheyenne",
    "state": "WY",
    "zip": "82001",
    "phone": "(307) 632-4488",
    "fax": null,
    "email": null,
    "website": "http://www.freefood.org/",
    "hours": "Friday\r\n 9:00am - 11:00am \r\nPick up boxes in church parking lototherwise 8:30am - 11:30am\n\r\nFor more information, please call. \nVolunteering Information:contact church at 307-632-4488, leave message for Carole \nCounty or Counties Served: Laramie",
    "description": null,
    "requirements": null,
    "scraped_at": "2025-11-02T15:35:07.370091",
    "latitude": 41.1451329,
    "longitude": -104.784854,
    "geocoded_address": "2602, Deming Boulevard, Cheyenne, Laramie County, Wyoming, 82001, United States of America"
  },
  {
    "url": "https://www.foodpantries.org/li/wy_82001_feed-a-family",
    "name": "Feed a Family",
    "address": "601 E. 20th Street",
    "city": "Cheyenne",
    "state": "WY",
    "zip": "82001",
    "phone": "(307) 632-2331",
    "fax": null,
    "email": null,
    "website": "http://www.freefood.org/",
    "hours": "The 3rd Tuesday of each month\r\n4:00on - 6:00pm\n\r\nFor more information, please call.",
    "description": null,
    "requirements": null,
    "scraped_at": "2025-11-02T15:35:09.333635",
    "latitude": 41.138766,
    "longitude": -104.810675,
    "geocoded_address": "601, East 20th Street, Cheyenne, Laramie County, Wyoming, 82001, United States of America"
  },
  {
    "url": "https://www.foodpantries.org/li/the-kings-portion-82633",
    "name": "The King's Portion Food Pantry",
    "address": "1954 East Richards Street",
    "city": "Douglas",
    "state": "WY",
    "zip": "82633",
    "phone": "(307) 359-9158",
    "fax": null,
    "email": null,
    "website": "http://www.freefood.org/",
    "hours": "1st & 3rd Thursdays of every month from 4:30pm-7:00pmDelivery:Offer delivery to shut-ins during operation hours for those without transportation or are disabled/sickMust have verification of disability from Dr\nCounty or Counties Served: Converse",
    "description": null,
    "requirements": null,
    "scraped_at": "2025-11-02T15:35:11.622951",
    "latitude": 42.7450734,
    "longitude": -105.3640394,
    "geocoded_address": "1954, East Richards Street, Douglas, Converse County, Wyoming, 82633, United States of America"
  },
  {
    "url": "https://www.foodpantries.org/li/open-door-church-bread-of-life-pantry",
    "name": "Open Door Church - Bread of Life Pantry",
    "address": "111 E 2nd Street",
    "city": "Gillette",
    "state": "WY",
    "zip": "82716",
    "phone": "(307) 685-3337",
    "fax": null,
    "email": null,
    "website": "http://www.freefood.org/",
    "hours": "Thursdays from 10:30am - 11:00am only for emergency needs.",
    "description": null,
    "requirements": null,
    "scraped_at": "2025-11-02T15:35:13.568044",
    "latitude": 44.2937333,
    "longitude": -105.5031054,
    "geocoded_address": "111, East 2nd Street, Gillette, Campbell County, Wyoming, 82716, United States of America"
  },
  {
    "url": "https://www.foodpantries.org/li/wy_gillette_council-of-community-services-food-pantry",
    "name": "Council of Community Services Food Pantry",
    "address": "114 S 4-J Road",
    "city": "Gillette",
    "state": "WY",
    "zip": "82716",
    "phone": "(307) 686-2730",
    "fax": null,
    "email": null,
    "website": "http://www.freefood.org/",
    "hours": "Monday to Friday 10:00 am to 3:00 pm",
    "description": null,
    "requirements": null,
    "scraped_at": "2025-11-02T15:35:15.792125",
    "latitude": 44.291193,
    "longitude": -105.5110845,
    "geocoded_address": "4-J Road, Nicholas Addition, Gillette, Campbell County, Wyoming, 82716, United States of America"
  },
  {
    "url": "https://www.foodpantries.org/li/wy_greybull_community-outreach-food-pantry",
    "name": "Community Outreach Food Pantry in Greybull",
    "address": "440 Greybull Avenue",
    "city": "Greybull",
    "state": "WY",
    "zip": "82426",
    "phone": "(307) 765-4409",
    "fax": null,
    "email": null,
    "website": "http://www.freefood.org/",
    "hours": "Tuesday, Wednesday, and Friday: 11:00 am to 4:00 pmThursday: 12:00 pm to 5:00 pm\nCounty or Counties Served: Big Horn",
    "description": null,
    "requirements": null,
    "scraped_at": "2025-11-02T15:35:18.144874",
    "latitude": 44.4889517,
    "longitude": -108.0531362,
    "geocoded_address": "440, Greybull Avenue, Greybull, Big Horn County, Wyoming, 82426, United States of America"
  },
  {
    "url": "https://www.foodpantries.org/li/good-smaritan-mission",
    "name": "Good Smaritan Mission",
    "address": "285 West Pearl Ave",
    "city": "Jackson",
    "state": "WY",
    "zip": "83001",
    "phone": null,
    "fax": null,
    "email": null,
    "website": "http://www.freefood.org/",
    "hours": "Wednesday 6:00pm - 7:30pm\nGo To Details Page For More Information",
    "description": null,
    "requirements": null,
    "scraped_at": "2025-11-02T15:35:19.977773",
    "latitude": 43.4786123,
    "longitude": -110.7661161,
    "geocoded_address": "285, West Pearl Avenue, Jackson, Teton County, Wyoming, 83001, United States of America"
  },
  {
    "url": "https://www.foodpantries.org/li/teton_valley_rotary_83414",
    "name": "Teton Valley",
    "address": "341 N. 1st Street E.",
    "city": "Driggs",
    "state": "ID",
    "zip": "83422",
    "phone": null,
    "fax": null,
    "email": null,
    "website": "http://www.freefood.org/",
    "hours": "Wednesday6:00pm - 7:30pm\r\n                                    \r\n                                    County or Counties Served: Teton",
    "description": null,
    "requirements": null,
    "scraped_at": "2025-11-02T15:35:23.281445",
    "latitude": 43.7231753,
    "longitude": -111.110887,
    "geocoded_address": "Driggs, Teton County, Idaho, 83422, United States of America",
    "note": "Geocoded to city center (exact address not found)"
  },
  {
    "url": "https://www.foodpantries.org/li/care-share-food-bank-lander",
    "name": "Care & Share Food Bank - Lander",
    "address": "281 Garfield Street",
    "city": "Lander",
    "state": "WY",
    "zip": "82520",
    "phone": "(307) 332-7364",
    "fax": null,
    "email": null,
    "website": "http://www.freefood.org/",
    "hours": "Tuesday, Wednesday\r\n10:30am - 12:30pm\r\nThursday\r\n10:30am - 12:30pm and 5:00pm - 6:00pm",
    "description": null,
    "requirements": null,
    "scraped_at": "2025-11-02T15:35:26.104429",
    "latitude": 42.8318861,
    "longitude": -108.7310972,
    "geocoded_address": "281, Garfield Street, Lander, Fremont County, Wyoming, 82520, United States of America"
  },
  {
    "url": "https://www.foodpantries.org/li/care-share-food-bank-lander-2",
    "name": "Care & Share Food Bank - Lander",
    "address": "281Garfield Street",
    "city": "Lander",
    "state": "WY",
    "zip": "82520",
    "phone": "(307) 332-7364",
    "fax": null,
    "email": null,
    "website": "http://www.freefood.org/",
    "hours": "Tuesday, Wednesday \r\n10:30am - 12:30pm \r\nThursday \r\n10:30am - 12:30pm and 5:00pm - 6:00pm \r\n \r\n \r\nFor more information, please call.",
    "description": null,
    "requirements": null,
    "scraped_at": "2025-11-02T15:35:28.068308",
    "latitude": 42.8330755,
    "longitude": -108.730702,
    "geocoded_address": "Lander, Fremont County, Wyoming, 82520, United States of America",
    "note": "Geocoded to city center (exact address not found)"
  },
  {
    "url": "https://www.foodpantries.org/li/foundations-for-nations-food-pantry",
    "name": "Foundations For Nations Food Pantry",
    "address": "720 E Monroe",
    "city": "Riverton",
    "state": "WY",
    "zip": "82501",
    "phone": "(219) 307-1457",
    "fax": null,
    "email": null,
    "website": "http://foundnations.com",
    "hours": "Tuesday 11:00am - 12:00pm Thursday 4:00pm - 5:00pmFor more information, please call. \nCounty or Counties Served: Fremont",
    "description": null,
    "requirements": null,
    "scraped_at": "2025-11-02T15:35:30.971105",
    "latitude": 43.0195105,
    "longitude": -108.3816103,
    "geocoded_address": "720, East Monroe Avenue, Riverton, Fremont County, Wyoming, 82501, United States of America"
  },
  {
    "url": "https://www.foodpantries.org/li/laramie-soup-kitchen",
    "name": "Laramie Soup Kitchen at St. Matthew's Episcopal Cathedral",
    "address": "104 S. 4th Street",
    "city": "Laramie",
    "state": "WY",
    "zip": "82070",
    "phone": "(307) 460-1605",
    "fax": null,
    "email": null,
    "website": "http://www.freefood.org/",
    "hours": "Monday through Friday 10:30 am to 1:30 pmLunch Hours:Monday through Friday 10:30 am to 1:30 pmSandwiches and other ready-to-eat items available on Fridays for the weekend.Donations And Volunteers:Donations accepted 9:00 a.m. to 1:30 p.m., Monday through Friday.Visit their website to volunteer.For more information, please call 307-460-1605\nVolunteering Information:https://www.laramiesoupkitchen.org/volunteer \nCounty or Counties Served: Albany",
    "description": null,
    "requirements": null,
    "scraped_at": "2025-11-02T15:35:33.380487",
    "latitude": 41.312344,
    "longitude": -105.5927968,
    "geocoded_address": "104, South 4th Street, Downtown Laramie, Laramie, Albany County, Wyoming, 82070, United States of America"
  },
  {
    "url": "https://www.foodpantries.org/li/wy_laramie_laramie-interfaith-food-pantry",
    "name": "Laramie Interfaith Food Pantry",
    "address": "712 E Canby Street",
    "city": "Laramie",
    "state": "WY",
    "zip": "82072",
    "phone": "(307) 742-4240",
    "fax": null,
    "email": null,
    "website": "http://www.freefood.org/",
    "hours": "Monday to Friday: 10:00 am to 5:00 pmNotes:Although no documentation is required to receive food, all households must complete the Link2Feed intake form online or by paper copies available at the pantry.Additional Services available:Holiday MealsHousing ResourcesRental AssistanceUtilities AssistanceEmergency Rental Assistance Program (ERAP)Senior Housing Stabilization Services\nCounty or Counties Served: Albany",
    "description": null,
    "requirements": null,
    "scraped_at": "2025-11-02T15:35:37.990405",
    "latitude": 41.3197317,
    "longitude": -105.5809419,
    "geocoded_address": "Canby Street, Laramie, Albany County, Wyoming, 82071, United States of America"
  },
  {
    "url": "https://www.foodpantries.org/li/mountain-view-southern-baptist-church",
    "name": "Mountain View Southern Baptist Church",
    "address": "4250 Poison Spider Road",
    "city": "MIlls",
    "state": "WY",
    "zip": "82644",
    "phone": "(307) 234-4381",
    "fax": null,
    "email": null,
    "website": "http://www.freefood.org/",
    "hours": "Wednesdays12:30pm - 3:30pmIn the basementFor more information, please call. \nCounty or Counties Served: Natrona",
    "description": null,
    "requirements": "Photo I.D Utility Bill Fill out a page for registration (On your first visit) \nGo To Details Page For More Information",
    "scraped_at": "2025-11-02T15:35:40.026591",
    "latitude": 42.8441331,
    "longitude": -106.3980069,
    "geocoded_address": "Poison Spider Road, Mills, Natrona County, Wyoming, 08644, United States of America"
  },
  {
    "url": "https://www.foodpantries.org/li/wy_newcastle_bread-food-pantry",
    "name": "BREAD Food Pantry",
    "address": "627 Pine Street",
    "city": "Newcastle",
    "state": "WY",
    "zip": "82701",
    "phone": "(307) 746-3542",
    "fax": null,
    "email": null,
    "website": "http://www.freefood.org/",
    "hours": "Monday        9:30 AM - 1:00 PM| \r\nTuesday       9:30 AM - 1:00 PM| \r\nWednesday 9:30 AM - 1:00 PM| \r\nThursday     9:30 AM - 1:00 PM| \r\nFriday          closed| \r\nSaturday      closed| \r\nSunday        closed\nCounty or Counties Served: Weston",
    "description": null,
    "requirements": null,
    "scraped_at": "2025-11-02T15:35:41.978414",
    "latitude": 43.8549227,
    "longitude": -104.2122372,
    "geocoded_address": "627, Pine Street, Newcastle, Weston County, Wyoming, 82701, United States of America"
  },
  {
    "url": "https://www.foodpantries.org/li/pinedale-food-basket",
    "name": "Pinedale Food Basket",
    "address": "104 N Bridger Ave.",
    "city": "Pinedale",
    "state": "WY",
    "zip": "82941",
    "phone": null,
    "fax": null,
    "email": null,
    "website": "http://www.freefood.org/",
    "hours": null,
    "description": null,
    "requirements": null,
    "scraped_at": "2025-11-02T15:35:45.255905",
    "latitude": 42.8677251,
    "longitude": -109.8575231,
    "geocoded_address": "The Pinedale Food Basket, 104, North Bridger Avenue, Pinedale, Sublette County, Wyoming, 82941, United States of America"
  },
  {
    "url": "https://www.foodpantries.org/li/rock_springs_food_bank_82901",
    "name": "Rock Springs Food Bank",
    "address": "90 Center Street",
    "city": "Rock Springs",
    "state": "WY",
    "zip": "82901",
    "phone": "(307) 382-7332",
    "fax": null,
    "email": null,
    "website": "http://www.freefood.org/",
    "hours": "2nd and 4th Thursdays: 10:00 am - 2:45 pm; 4:00 pm - 5:45 pm\r\n                                    \r\n                                                                        \n* Important: Please call the food pantries to confirm that the hours have not changed. We do our best to provide full information and details, but food pantries often change their hours without notifying us. We do not want you to waste your time visiting a pantry that is not open.",
    "description": null,
    "requirements": null,
    "scraped_at": "2025-11-02T15:35:47.204874",
    "latitude": 41.5878225,
    "longitude": -109.2254145,
    "geocoded_address": "90, Center Street, Rock Springs, Sweetwater County, Wyoming, 82901, United States of America"
  },
  {
    "url": "https://www.foodpantries.org/li/wy_sheridan_first-christian-church-disciples-of-christ",
    "name": "First Christian Church (Disciples of Christ) Lunch Together/Soup Kitchen",
    "address": "102 South Connor",
    "city": "Sheridan",
    "state": "WY",
    "zip": "82801",
    "phone": "(307) 674-6795",
    "fax": null,
    "email": null,
    "website": "http://www.freefood.org/",
    "hours": "Monday to Friday: 8:30 am to 12:30 pm\nCounty or Counties Served: Sheridan",
    "description": null,
    "requirements": null,
    "scraped_at": "2025-11-02T15:35:49.289350",
    "latitude": 44.7963482,
    "longitude": -106.951815,
    "geocoded_address": "South Connor Street, Sheridan, Sheridan County, Wyoming, 82801, United States of America"
  },
  {
    "url": "https://www.foodpantries.org/li/wy_sundance_crook-county-council-of-county-services-food",
    "name": "Crook County Council of County Services Food Pantry",
    "address": "122 Hwy 585",
    "city": "Sundance",
    "state": "WY",
    "zip": "82729",
    "phone": "(307) 290-0873",
    "fax": null,
    "email": null,
    "website": "http://www.freefood.org/",
    "hours": "1st & 3rd Friday of the month from 10:00AM - 1:00PM\r\n                                    \r\n                                    County or Counties Served: Crook",
    "description": null,
    "requirements": null,
    "scraped_at": "2025-11-02T15:35:51.467703",
    "latitude": 44.4028668,
    "longitude": -104.3701828,
    "geocoded_address": "Highway 585, Sundance, Crook County, Wyoming, 82709, United States of America"
  }
]